No,Tình,Tên cụm,Loại cụm,Mô tả,Một số điểm trong cụm,Tiếp giáp
1,Lâm Đồng,Đà Lạt,Cụm lớn,"Nghỉ dưỡng cao nguyên, tham quan hoa cảnh, kiến trúc di sản và du lịch sinh thái rừng thông.","Hồ Xuân Hương

Thung Lũng Tình Yêu

Hồ Tuyền Lâm

Thiền viện Trúc Lâm

Đỉnh Langbiang

Thác Datanla

Thác Prenn

Đồi chè Cầu Đất

Trại Mát

Chùa Linh Phước (Chùa Ve Chai)

Ga Đà Lạt

Dinh I, Dinh II, Dinh III (Dinh Bảo Đại)

Nhà thờ Con Gà

Nhà thờ Domaine de Marie

Quảng trường Lâm Viên

Thác Cam Ly

Hồ Dankia - Suối Vàng

Thác Ankroet

Làng Đất Sét (Đường hầm Hỏa Sa)

Đồi Mộng Mơ

Vườn quốc gia Bidoup - Núi Bà

Thác Hang Cọp

Đèo Ngoạn Mục (phía Lâm Đồng)","Tiếp giáp:

Cụm Đức Trọng

Cụm Bảo Lộc

Cụm Tà Đùng"
2,Lâm Đồng,Đức Trọng,Cụm nhỏ,"Khám phá hệ thống đại thác hùng vĩ, du lịch tâm linh Nam Ban và săn cỏ hồng cao nguyên.","Thác Pongour (Thác Bảy Tầng)

Thác Voi (Liêng Rowoa)

Chùa Linh An

Hồ Đại Ninh

Thác Bảo Đại (Jraiblian)

Đồi cỏ hồng Masara

Suối nước nóng Đạ Long

Thác 7 Tầng Dam Rông

Sân bay Liên Khương

Làng nghề thêu dệt thổ cẩm K'Ho","Cụm Đà Lạt

Cụm Bảo Lộc

Cụm Tà Đùng

Cụm Gia Nghĩa"
3,Lâm Đồng,Bảo Lộc,Cụm lớn,"Trải nghiệm không gian đồi chè, tơ lụa, săn mây đỉnh núi và tham quan các thiền viện thanh tịnh.","Các điểm đến thuộc cụm:

Thác Damb'ri

Đồi chè Tâm Châu

Linh Quy Pháp Ấn

Tu viện Bát Nhã

Hồ Nam Phương

Chùa Trà

Núi Lu Bu

Thác Bobla (Di Linh)

Hồ Kala

Đèo Gia Bắc

Đèo Bảo Lộc","Cụm Đà Lạt

Cụm Đức Trọng

Cụm Madagui

Cụm Đa Mi

Cụm Tà Đùng"
4,Lâm Đồng,Madagui,Cụm nhỏ,"Khám phá du lịch mạo hiểm rừng nguyên sinh, cắm trại dã ngoại và hoạt động thể thao dưới nước.","Khu du lịch sinh thái rừng Madagui

Thác Đạ B'ri (Đạ Tẻh)

Hồ Đạ Tẻh

Chân đèo Bảo Lộc

Hồ Đạ Tôn","Tiếp giáp:

Cụm Bảo Lộc

Cụm Cát Tiên"
5,Lâm Đồng,Cát Tiên,Cụm nhỏ,"Khám phá đa dạng sinh học rừng mưa nhiệt đới, trekking Bàu Sấu và khảo cổ học di tích cổ đại.","Vườn quốc gia Cát Tiên (Bàu Sấu, Tuyến xem thú đêm, Cây tung cổ thụ)

Di tích Quốc gia đặc biệt Thánh địa Cát Tiên

Chùa Hang (Cát Tiên)","Tiếp giáp:

Cụm Madagui

Cụm Gia Nghĩa"
6,Lâm Đồng,Gia Nghĩa,Cụm lớn,"Trải nghiệm không gian đô thị trung tâm Tây Nguyên, khám phá các hồ nước nguyên sơ và đồi thông.","Thành phố Gia Nghĩa

Thác Liêng Nung

Thác Đắk G'lun (Tuy Đức)

Thác Mơ

Hồ Đại La

Chùa Pháp Hoa

Thiền viện Trúc Lâm Đạo Nguyên

Rừng thông Bồ Tùng

Rừng Nậm N'Jang

Hồ Tây Đắk Mil

Di tích Đồn Bốt Đắk Mil","Cụm Tà Đùng

Cụm Krông Nô

Cụm Đức Trọng

Cụm Cát Tiên"
7,Lâm Đồng,Tà Đùng,Cụm nhỏ,"Ngoạn cảnh ""Vịnh Hạ Long trên Tây Nguyên"", nghỉ dưỡng view lòng hồ và cắm trại dã ngoại.","Các điểm đến thuộc cụm:

Hồ Tà Đùng

Vườn quốc gia Tà Đùng

Đỉnh Tà Đùng

Vịnh Tà Đùng

Thác Sun Flower (Thác Bảy Tầng Tà Đùng)

Bến thuyền du lịch Tà Đùng

Hệ thống Homestay / Glamping lòng hồ Tà Đùng","Tiếp giáp:

Cụm Gia Nghĩa

Cụm Bảo Lộc

Cụm Đức Trọng

Cụm Đà Lạt

Cụm Đa Mi"
8,Lâm Đồng,Krông Nô,Cụm nhỏ,Khám phá hệ thống hang động núi lửa dài nhất Đông Nam Á và quần thể đại thác sông Sêrêpôk.,"Hang động Núi Lửa Krông Nô (Hang C7, C6.1, C3...)

Thác Dray Sáp (bờ Đắk Nông)

Thác Gia Long

Thác Trinh Nữ

Chùa Hoa Nghiêm

Khu di tích lịch sử Căn cứ B4 - Liên tỉnh IV

Sông Sêrêpôk (đoạn qua Krông Nô)",Cụm Gia Nghĩa
9,Lâm Đồng,Phan Thiết,Cụm lớn,"Nghỉ dưỡng biển cao cấp, thể thao dưới nước, làng chài truyền thống và di sản văn hóa Chăm Pa","Bãi biển Mũi Né

Bãi biển Hàm Tiến

Hòn Rơm

Bãi Rạng

Suối Tiên

Đồi Cát Đỏ (Đồi Cát Bay)

Làng chài Mũi Né

Bãi đá Ông Địa

Tháp Pô Sah Inư

Trường Dục Thanh

Dinh Vạn Thủy Tú

Lầu Ông Hoàng

Đảo Hòn Lao (Hòn Ghềnh)

Chợ Phan Thiết","Tiếp giáp:

Cụm Bàu Trắng

Cụm Kê Gà

Cụm Đa Mi"
10,Lâm Đồng,Bàu Trắng,Cụm nhỏ,"Băng qua ""tiểu sa mạc"" đồi cát trắng, trải nghiệm xe địa hình và ngoạn cảnh cung đường biển đẹp nhất Việt Nam.","Đồi Cát Trắng (Bàu Trắng / Bàu Sen)

Cung đường biển Hòa Thắng - Hòa Phú

Mũi Yến

Bãi biển Bãi Chùa

Bãi biển La Bàn","Tiếp giáp:

Cụm Phan Thiết

Cụm Cổ Thạch"
11,Lâm Đồng,Cổ Thạch,Cụm nhỏ,"Khám phá bãi đá rêu xanh nhiều màu sắc, du lịch tâm linh cổ tự và khám phá hòn đảo hoang sơ.","Bãi đá 7 màu Cổ Thạch

Chùa Cổ Thạch (Chùa Hang)

Bãi Cà Dược

Đảo Cù Lao Cau (Hòn Cau)

Gành Son

Mũi La Gàn

Hồ Sông Lòng Sông

Cánh đồng điện gió Tuy Phong","Tiếp giáp:

Cụm Bàu Trắng"
12,Lâm Đồng,Kê Gà,Cụm nhỏ,"Tham quan hải đăng bằng đá cổ nhất Việt Nam, bãi đá nhảy hoang sơ và hành hương núi Tà Cú.","Hải đăng Kê Gà

Mũi Kê Gà

Bãi biển Thuận Quý

Núi Tà Cú

Chùa Linh Sơn Trường Thọ (Tượng Phật nằm)

Bãi biển Tiến Thành","Tiếp giáp:

Cụm Phan Thiết

Cụm La Gi

Cụm Đa Mi"
13,Lâm Đồng,La Gi,Cụm lớn,"Du lịch biển dã ngoại, cắm trại bãi biển, ẩm thực hải sản và trải nghiệm tín ngưỡng dân gian.","Bãi biển Cam Bình

Bãi biển Cốc Bãi Rẻ

Dinh Thầy Thím

Mũi Đá

Mũi Tân An

Đồi Cát Trắng Tân Bình

Bãi biển Ngân Hà

Đập Đá Mựt","Tiếp giáp:

Cụm Kê Gà"
14,Lâm Đồng,Đa Mi,Cụm nhỏ,"Du lịch sinh thái lòng hồ trên núi, tắm thác nguyên sinh và khám phá khu bảo tồn thiên nhiên.","Hồ Hàm Thuận - Đa Mi

Thác 9 Tầng Đa Mi

Thác Sương Mù

Khu bảo tồn thiên nhiên Núi Ông

Thác Bà Tánh Linh

Thác Mưa (Đức Linh)

Hồ Biển Lạc","Tiếp giáp:

Cụm Phan Thiết

Cụm Kê Gà

Cụm Bảo Lộc

Cụm Tà Đùng"
15,Lâm Đồng,Phú Quý,Cụm nhỏ,"Trải nghiệm du lịch hải đảo xa bờ, lặn ngắm san hô, check-in địa hình núi đá vôi lửa và văn hóa biển đảo.","Đảo Phú Quý

Bãi Nhỏ

Gành Hang

Cột cờ Phú Quý

Hòn Tranh

Hòn Đen

Chùa Linh Sơn

Hải đăng Phú Quý

Dốc Phượt

Phong điện Phú Quý

Chùa Thạnh Lâm

Vạn An Thạnh

Bãi Triều","Tiếp giáp:

Kết nối qua đường thủy với Cụm Phan Thiết."
16,Thành phố Hồ Chí Minh,TP. Hồ Chí Minh,Cụm lớn,"Trung tâm văn hóa, lịch sử, kiến trúc di sản, giải trí sầm uất và giao thoa ẩm thực đô thị.","Dinh Độc Lập

Nhà thờ Đức Bà

Bưu điện Trung tâm TP.HCM

Chợ Bến Thành

Phố đi bộ Nguyễn Huệ

Phố đi bộ Bùi Viện

Bảo tàng Lịch sử TP.HCM

Bảo tàng Chứng tích Chiến tranh

Bảo tàng Mỹ thuật TP.HCM

Nhà hát Thành phố

Thảo Cầm Viên Sài Gòn

Chợ Lớn (Chùa Bà Thiên Hậu, Chợ Bình Tây)

Tòa nhà Landmark 81

Khu du lịch Văn Thánh

Khu du lịch Bình Quới (1, 2, 3)

Công viên Văn hóa Suối Tiên

Bảo tàng Áo Dài

Chùa Bửu Long

Cầu Ánh Sao & Hồ Bán Nguyệt (Phú Mỹ Hưng)

Công viên Bến Bạch Đằng","Tiếp giáp:

Cụm Củ Chi

Cụm Cần Giờ

Cụm Thủ Dầu Một

Cụm Bà Rịa

Cụm Vũng Tàu (kết nối đường thủy)"
17,Thành phố Hồ Chí Minh,Củ Chi,Cụm nhỏ,"Du lịch di tích lịch sử chiến trường, trải nghiệm bắn súng thể thao và nông nghiệp sinh thái miệt vườn.","Địa đạo Củ Chi (Bến Dược, Bến Đình)

Đền đền thờ Bến Dược

Nông trang Xanh Green Noen

Làng nghề bánh tráng Phú Hòa Đông

Bến du lịch sinh thái Bến Đường

Khu du lịch sinh thái Làng Củ Chi","Tiếp giáp:

Cụm TP. Hồ Chí Minh

Cụm Thủ Dầu Một

Cụm Dầu Tiếng"
18,Thành phố Hồ Chí Minh,Củ Chi,Cụm nhỏ,"Thám hiểm khu dự trữ sinh quyển thế giới Rừng Sác, du lịch sinh thái rừng ngập mặn và nghỉ dưỡng đảo nguyên sơ.","Khu dự trữ sinh quyển Rừng Sác Cần Giờ

Đảo Khỉ Cần Giờ

Di tích Căn cứ Chiến khu Rừng Sác

Khu du lịch sinh thái Vàm Sát

Bãi biển 30/4

Làng chài Cần Thạnh

Đảo Thạnh An

Đảo Thiềng Liềng

Lăng Ông Thủy Tướng Cần Giờ","Tiếp giáp:

Cụm TP. Hồ Chí Minh

Cụm Vũng Tàu (kết nối tuyến phà/đường thủy)"
19,Thành phố Hồ Chí Minh,Thủ Dầu Một,Cụm lớn,"Tham quan siêu quần thể du lịch tâm linh - giải trí, khám phá làng nghề truyền thống gốm - sơn mài và miệt vườn cây trái.","Khu du lịch Đại Nam (Lạc Cảnh Đại Nam Văn Hiến)

Chùa Bà Thiên Hậu (Thủ Dầu Một)

Chùa Hội Khánh (Tượng Phật nằm trên mái)

Chùa Tây Tạng

Vườn trái cây Lái Thiêu

Làng gốm Lái Thiêu / Tân Phước Khánh

Làng sơn mài Tương Bình Hiệp

Chùa Châu Thới (Dĩ An)

Công viên Thành phố mới Bình Dương

Nhà cổ Trần Văn Cần","Tiếp giáp:

Cụm TP. Hồ Chí Minh

Cụm Củ Chi

Cụm Dầu Tiếng"
20,Thành phố Hồ Chí Minh,Dầu Tiếng,Cụm nhỏ,"Du lịch sinh thái hồ thủy lợi rộng lớn, cắm trại dã ngoại và ngoạn cảnh quần thể núi đá tâm linh.","Hồ Dầu Tiếng (khu vực Bình Dương)

Quần thể danh thắng Núi Cậu

Chùa Thái Sơn (Núi Cậu)

Suối Trúc

Bán đảo Tha La

Nông trường cao su Dầu Tiếng","Tiếp giáp:

Cụm Thủ Dầu Một

Cụm Củ Chi"
21,Thành phố Hồ Chí Minh,Vũng Tàu,Cụm lớn,"Nghỉ dưỡng biển đô thị, khám phá ngọn hải đăng cổ, di sản kiến trúc bờ biển và ẩm thực hải sản.","Bãi Sau (Bãi Thùy Vân)

Bãi Trước

Bãi Dâu

Bãi Dứa

Tượng Chúa Kitô Vua (Núi Nhỏ)

Mũi Nghinh Phong

Ngọn hải đăng Vũng Tàu

Di tích Bạch Dinh

Khu du lịch Hồ Mây (Núi Lớn)

Thích Ca Phật Đài

Niết Bàn Tịnh Xá

Đảo Hòn Bà

Linh Sơn Cổ Tự

Bến thuyền Marina Vũng Tàu","Tiếp giáp:

Cụm Long Hải

Cụm Bà Rịa

Cụm Cần Giờ (đường thủy)

Cụm TP. Hồ Chí Minh (đường thủy)"
22,Thành phố Hồ Chí Minh,Long Hải,Cụm nhỏ,"Du lịch nghỉ dưỡng biển kết hợp hành hương di tích tâm linh, trekking núi lịch sử và trải nghiệm làng chài.","Bãi biển Long Hải

Dinh Cô

Mộ Cô

Căn cứ lịch sử Núi Minh Đạm

Bãi biển Phước Hải

Đèo Nước Ngọt

Thiền viện Trúc Lâm Chân Nguyên (Chùa Khỉ)

Làng chài Phước Hải

Chùa Hòn Một","Tiếp giáp:

Cụm Vũng Tàu

Cụm Bà Rịa

Cụm Hồ Tràm"
23,Thành phố Hồ Chí Minh,Hồ Tràm,Cụm nhỏ,Nghỉ dưỡng biển sang trọng kết hợp tắm khoáng nóng thiên nhiên và thám hiểm rừng nguyên sinh ven biển.,"Các điểm đến thuộc cụm:

Bãi biển Hồ Tràm

Bãi biển Hồ Cốc

Khu bảo tồn thiên nhiên Bình Châu - Phước Bửu

Suối nước nóng Bình Châu

Cầu ngắm biển Hamptons Pier

Cảng cá Lộc An

Bãi biển Bưng Riềng","Tiếp giáp:

Cụm Long Hải

Cụm Bà Rịa

Cụm La Gi (kết nối với Bình Thuận)"
24,Thành phố Hồ Chí Minh,Bà Rịa,Cụm nhỏ,"Du lịch sinh thái núi, trekking hành hương chùa chiền, di tích lịch sử chiến khu và check-in đồng quê","Các điểm đến thuộc cụm:

Quần thể Núi Dinh (Chùa Phật Quang, Suối Tiên - Suối Đá)

Nhà thờ Song Vĩnh (Phú Mỹ)

Địa đạo Long Phước

Đồng cừu Suối Nghệ

Tượng đài Chiến thắng Bình Giã

Nhà lưu niệm Võ Thị Sáu (Đất Đỏ)

Núi Thị","Tiếp giáp:

Cụm Vũng Tàu

Cụm Long Hải

Cụm Hồ Tràm

Cụm TP. Hồ Chí Minh

Cụm Madagui (kết nối với Lâm Đồng)"
25,Thành phố Hồ Chí Minh,Côn Đảo,Cụm nhỏ,"Hành hương tri ân lịch sử tâm linh, nghỉ dưỡng biển đảo sinh thái và thám hiểm bảo tồn sinh vật biển.","Các điểm đến thuộc cụm:

Hệ thống Nhà tù Côn Đảo (Chuồng Cọp Pháp, Chuồng Cọp Mỹ, Trại Phú Hải)

Nghĩa trang Hàng Dương (Mộ chị Võ Thị Sáu)

Vườn quốc gia Côn Đảo

Hòn Bảy Cạnh

Hòn Tài

Hòn Cau

Bãi Đầm Trầu

Bãi Nhát

Đỉnh Tình Yêu

Chùa Núi Một (Vân Sơn Tự)

Miếu Bà Cố Đồ (An Sơn Miếu)

Mũi Cá Lập","Tiếp giáp:

Kết nối qua đường thủy và hàng không với Cụm Vũng Tàu và Cụm TP. Hồ Chí Minh."
26,Đồng Nai,Biên Hòa,Cụm lớn,"Vui chơi giải trí sinh thái đô thị, du lịch sông nước, công viên nước hiện đại và tham quan di tích lịch sử - tâm linh Nam Bộ","Các điểm đến thuộc cụm:

Khu du lịch Bửu Long

Cù lao Phố (Chùa Ông - Thất Phủ Cổ Miếu)

Văn miếu Trịnh Hoài Đức

Công viên Chuyên đề Sơn Tiên (Vịnh Kỳ Diệu - The Amazing Bay)

Khu du lịch sinh thái Bò Cạp Vàng (Nhơn Trạch)

Khu du lịch Làng Tre Việt

Khu du lịch Thác Giang Điền (Trảng Bom)

Đền thờ Nguyễn Hữu Cảnh

Chùa Quốc En

Khu sinh thái Bến Gỗ

Đền thờ Hùng Vương (Nhơn Trạch)","Tiếp giáp:

Cụm TP. Hồ Chí Minh

Cụm Thủ Dầu Một

Cụm Trị An

Cụm Bà Rịa

Cụm Long Khánh"
27,Đồng Nai,Trị An,Cụm nhỏ,"Cắm trại dã ngoại ven lòng hồ thủy điện, chèo SUP, trekking rừng nguyên sinh Mã Đà và thăm căn cứ chiến khu lịch sử.","Các điểm đến thuộc cụm:

Hồ Trị An

Đảo Ó - Hòn Xấm

Rừng Mã Đà (Khu bảo tồn thiên nhiên văn hóa Đồng Nai)

Di tích Căn cứ Trung ương Cục Miền Nam (Chiến khu Đ)

Nghĩa trang Mã Đà

Thác Trị An

Hồ Sông Mây

Làng Bè Trị An","Tiếp giáp:

Cụm Biên Hòa

Cụm Long Khánh

Cụm Cát Tiên

Cụm Đồng Xoài"
28,Đồng Nai,Long Khánh,Cụm nhỏ,"Du lịch sinh thái miệt vườn trái cây Đông Nam Bộ, thưởng thức nông sản tươi tại vườn và tham quan di tích khảo cổ cổ đại.","Các điểm đến thuộc cụm:

Vườn trái cây Long Khánh (Bình Lộc, Bảo Quang, Cấm Hà)

Di tích Quốc gia Mộ cổ Hàng Gòn

Hồ Cầu Dầu

Chùa Hiển Mật

Công viên An Bình

Cánh đồng lúa Cẩm Mỹ

Hồ Suối Vọng","Tiếp giáp:

Cụm Biên Hòa

Cụm Trị An

Cụm Chứa Chan

Cụm Bà Rịa"
29,Đồng Nai,Chứa Chan,Cụm nhỏ,"Hành hương tâm linh chùa núi, trải nghiệm cáp treo, trekking chinh phục đỉnh núi cao thứ nhì Đông Nam Bộ và ngoạn cảnh hồ tự nhiên.","Các điểm đến thuộc cụm:

Núi Chứa Chan (Núi Gia Ray)

Chùa Bửu Quang (Chùa Gia Ray)

Cáp treo Núi Chứa Chan

Cây da 3 ngọn (Cây da thần)

Hồ Núi Le

Hồ Gia UI

Dãy núi Mây Tào (đoạn Xuân Lộc)","Cụm Long Khánh

Cụm Cát Tiên

Cụm Kê Gà (kết nối với Bình Thuận)

Cụm Hồ Tràm (kết nối với Bà Rịa - Vũng Tàu)"
30,Đồng Nai,Đồng Xoài,Cụm nhỏ,"Du lịch đô thị trung tâm Bình Phước, nghỉ dưỡng sinh thái hồ nước ngầm và tham quan các nông trường cao su ngút ngàn.","Các điểm đến thuộc cụm:

Thành phố Đồng Xoài

Hồ Suối Cam

Tượng đài Chiến thắng Đồng Xoài

Chùa Quang Minh

Khu du lịch sinh thái Mỹ Lệ (Phú Riềng)

Nông trường cao su Chơn Thành - Đồng Phú

Hồ Thuận Hòa

Khu du lịch sinh thái Bù Đốm","Cụm Bà Rá

Cụm Sóc Bom Bo

Cụm Tà Thiết

Cụm Thủ Dầu Một (kết nối với Bình Dương)

Cụm Trị An"
31,Đồng Nai,Bà Rá,Cụm nhỏ,"Chinh phục ngọn núi huyền thoại Bà Rá bằng cáp treo, ngoạn cảnh lòng hồ thủy điện Thác Mơ và chiêm bái các ngôi chùa cổ.","Các điểm đến thuộc cụm:

Núi Bà Rá

Cáp treo Bà Rá

Hồ Thủy điện Thác Mơ & Các đảo lòng hồ

Chùa Đức Bổn Sư (Chùa Tưới)

Chùa Phật Quốc Mẫu (Chùa Bà Rá)

Thiền viện Trúc Lâm Phước Long

Khu du lịch Đảo Yến Sơn Hà

Bốt Đội Cao Phước Long

Thác Mơ Bình Phước","Cụm Đồng Xoài

Cụm Bù Gia Mập

Cụm Sóc Bom Bo

Cụm Cát Tiên

Cụm Gia Nghĩa (kết nối với Đắk Nông)"
32,Đồng Nai,Bù Gia Mập,Cụm nhỏ,"Trekking mạo hiểm xuyên rừng di sản Bù Gia Mập, tắm thác nguyên sinh và khám phá hệ sinh thái biên giới.","Các điểm đến thuộc cụm:

Vườn quốc gia Bù Gia Mập

Thác Đắc Mai

Thác Mai (Bù Gia Mập)

Thác Đắk Po

Giếng Trời Bù Gia Mập

Đồn biên phòng Bù Gia Mập","Cụm Bà Rá

Cụm Sóc Bom Bo

Cụm Gia Nghĩa (kết nối với Đắk Nông)"
33,Đồng Nai,Sóc Bom Bo,Cụm nhỏ,"Trải nghiệm không gian văn hóa giã gạo chày đôi của người S'tiêng, cắm trại trảng cỏ tự nhiên và khám phá quần thể đại thác.","Các điểm đến thuộc cụm:

Khu bảo tồn văn hóa dân tộc S'tiêng Sóc Bom Bo

Trảng cỏ Bù Lạch (Bù Lăng)

Thác Đứng

Thác Voi (Bù Đăng)

Thác Pan Toong

Hồ Cổ Thạch Bù Đăng","Cụm Đồng Xoài

Cụm Bà Rá

Cụm Bù Gia Mập

Cụm Gia Nghĩa (kết nối với Đắk Nông)"
34,Đồng Nai,Tà Thiết,Cụm nhỏ,"Tìm hiểu di tích lịch sử chiến khu cách mạng, du lịch tâm linh đại tượng Phật và giao thương biên giới Cửa khẩu Quốc tế.","Các điểm đến thuộc cụm:

Di tích Căn cứ Bộ Chỉ huy Miền Tà Thiết

Chùa Phật Quốc Ta Kêu (Tượng Phật ngồi lớn nhất)

Cửa khẩu Quốc tế Hoa Lư

Thác Trượt (Hớn Quản)

Rừng cao su Lộc Ninh

Mũi Đất Lộc Ninh

Di tích Lịch sử Nhà giao tế Lộc Ninh

Mộ 3.000 người (Bình Long)","Cụm Đồng Xoài

Cụm Dầu Tiếng (kết nối với Bình Dương)"
35,Đồng Nai,Định Quán,Cụm nhỏ,"Khám phá địa chất núi đá kỳ thú, dã ngoại cắm trại ven sông rừng và tắm suối khoáng thiên nhiên.","Các điểm đến thuộc cụm:

Danh thắng Đá Ba Chồng (Định Quán)

Thác Mai - Bàu Nước Sôi (Định Quán)

Hang Nhà Cổ / Hang Bất Tận (Định Quán)

Công viên Suối Mơ (Tân Phú)

Hồ Đa Tôn (Tân Phú)

Thác 9 Tầng Tân Phú","Cụm Cát Tiên

Cụm Trị An

Cụm Chứa Chan

Cụm Madagui"
36,Tây Ninh,Tây Ninh,Cụm lớn,"Du lịch tâm linh đỉnh núi cao nhất Nam Bộ, tham quan Tòa Thánh kiệt tác kiến trúc và nghỉ dưỡng thung lũng núi đá.","Các điểm đến thuộc cụm:

Quần thể danh thắng Núi Bà Đen (Tượng Phật Bà Tây Bổ Đà Sơn, Chùa Bà, Hệ thống Cáp treo Núi Bà Đen)

Thung lũng Ma Thiên Lãnh

Hồ Núi Đá

Tòa Thánh Tây Ninh

Chợ Long Hoa

Bảo tàng Tây Ninh

Tháp cổ Chóp Mạt

Chùa Hiệp Long

Công viên 30/4 Tây Ninh","Cụm Tân Biên

Cụm Trảng Bàng

Cụm Dầu Tiếng (Bình Dương)

Cụm Củ Chi (TP.HCM)"
37,Tây Ninh,Tân Biên,Cụm nhỏ,"Tìm hiểu di tích lịch sử chiến khu cách mạng đặc biệt, thám hiểm đa dạng sinh học rừng mưa biên giới Lò Go - Xa Mát.","Các điểm đến thuộc cụm:

Vườn quốc gia Lò Go - Xa Mát

Di tích Quốc gia đặc biệt Căn cứ Trung ương Cục Miền Nam

Cửa khẩu Quốc tế Xa Mát

Nghĩa trang Liệt sĩ Quốc gia Đồi 82 Tân Biên

Suối Mơ Tân Biên

Đồn Biên phòng Chàng Riệc",Cụm Tây Ninh
38,Tây Ninh,Trảng Bàng,Cụm nhỏ,"Trải nghiệm di sản văn hóa phi vật thể bánh tráng phơi sương, mua sắm giao thương cửa khẩu và khám phá di tích kiến trúc cổ.","Các điểm đến thuộc cụm:

Làng nghề Bánh tráng phơi sương Trảng Bàng

Cửa khẩu Quốc tế Mộc Bài

Tháp cổ Bình Thạnh (Di tích kiến trúc Văn hóa Óc Eo)

Chùa Phước Lưu (Chùa Bàng Long)

Di tích Địa đạo An Thới

Cung đường sông Vàm Cỏ Đông (đoạn Trảng Bàng - Bến Cầu)","Cụm Tây Ninh

Cụm Củ Chi (TP.HCM)

Cụm Đức Hòa"
39,Tây Ninh,Đức Hòa,Cụm nhỏ,"Vui chơi check-in công viên mô hình kiến trúc thế giới, tham quan làng cổ Nam Bộ và du lịch sinh thái dã ngoại.","Các điểm đến thuộc cụm:

Khu du lịch sinh thái Cát Tường Phú Sinh (Công viên các Kỳ quan Thế giới)

Làng cổ Phước Lộc Thọ

Di tích lịch sử Ngã ba Đức Hòa

Chùa Phật Tích Trúc Lâm Đức Hòa

Khu du lịch sinh thái Bến Củi","Cụm Trảng Bàng

Cụm Củ Chi (TP.HCM)

Cụm Tân An

Cụm TP. Hồ Chí Minh"
40,Tây Ninh,Tân Lập,Cụm nhỏ,"Thám hiểm hệ sinh thái rừng tràm ngập nước Đồng Tháp Mười, chèo xuồng ngắm cánh đồng sen và du lịch trải nghiệm dược liệu.","Các điểm đến thuộc cụm:

Khu du lịch Làng Nổi Tân Lập

Khu du lịch sinh thái Cánh Đồng Bất Tận (Trung tâm Nghiên cứu Bảo tồn và Phát triển Dược liệu Đồng Tháp Mười)

Khu bảo tồn đất ngập nước Láng Sen

Di tích Lịch sử Khu vực Đồn Long Khốt

Chợ nông sản Tân Thạnh","Cụm Tân An

Cụm Đức Hòa

Cụm Tây Ninh"
41,Tây Ninh,Tân An,Cụm nhỏ,"Trải nghiệm siêu tổ hợp giải trí văn hóa, khám phá di tích nhà cổ di sản và du lịch sông nước Vàm Cỏ.","Các điểm đến thuộc cụm:

Khu du lịch Happyland (Bến Lức)

Bảo tàng Long An

Lăng Nguyễn Huỳnh Đức

Di tích lịch sử Nhà cổ Một Trăm Cột (Cần Đước)

Chùa Tôn Thạnh (Cần Giuộc)

Di tích Lịch sử Đồn Rạch Giốc

Cảng Quốc tế Long An

Công viên TP. Tân An & Chợ đêm Tân An

Công viên Văn hóa Mũi Tàu","Cụm Đức Hòa

Cụm Tân Lập

Cụm TP. Hồ Chí Minh"
42,Đồng Tháp,Mỹ Tho,Cụm lớn,"Trải nghiệm du lịch sông nước cù lao, tham quan chùa cổ di sản, di tích lịch sử danh tiếng và ẩm thực đô thị miền Tây.","Các điểm đến thuộc cụm:

Cù lao Thới Sơn (Cù lao Lân)

Chùa Vĩnh Tràng

Trại rắn Đồng Tâm

Di tích Lịch sử Rạch Gầm - Xoài Mút

Nhà thờ Chánh tòa Mỹ Tho

Bảo tàng Tiền Giang

Nhà Bạch Công Tử (Dinh Bạch Công Tử)

Bến tàu du lịch Mỹ Tho & Công viên Lạc Hồng

Chùa Bửu Lâm (Mỹ Tho)

Chợ Mỹ Tho","Cụm Cái Bè

Cụm Gò Công

Cụm Tân An (Long An)"
43,Đồng Tháp,Cái Bè,Cụm nhỏ,"Khám phá di sản làng cổ Nam Bộ, trải nghiệm sông nước cù lao miệt vườn trái cây và chiêm bái thiền viện quy mô.","Các điểm đến thuộc cụm:

Chợ nổi Cái Bè

Làng cổ Đông Hòa Hiệp (Nhà cổ Ba Đức, Nhà cổ Ông Kiệt)

Cù lao Tân Phong

Thiền viện Trúc Lâm Chánh Giác (Tân Phước)

Nhà thờ Cái Bè

Vườn trái cây Cái Bè

Khu du lịch sinh thái Việt Nhật","Cụm Mỹ Tho

Cụm Sa Đéc

Cụm Cao Lãnh

Cụm Tân Lập (Long An)"
44,Đồng Tháp,Gò Công,Cụm nhỏ,"Tham quan di tích lịch sử triều Nguyễn, chiêm ngưỡng kiến trúc nhà cổ di sản và trải nghiệm sinh thái biển bãi bùn.","Các điểm đến thuộc cụm:

Bãi biển Tân Thành

Lăng Hoàng Gia (Nơi thờ dòng họ Phạm Đăng)

Nhà cổ Đốc Phủ Hải

Đền thờ & Lăng mộ Anh hùng dân tộc Trương Định

Cù lao Tân Lợi (Tân Phú Đông)

Bãi biển Đèn Đỏ

Chợ Gò Công","Cụm Mỹ Tho

Cụm Tân An (Long An)

Cụm Cần Giờ (TP.HCM - kết nối đường thủy)"
45,Đồng Tháp,Cao Lãnh,Cụm nhỏ,"Thăm khu di tích thân sinh Bác Hồ, thám hiểm di tích chiến khu căn cứ Rừng Tràm và thưởng thức ẩm thực đồng quê.","Các điểm đến thuộc cụm:

Khu di tích Cụ Phó bảng Nguyễn Sinh Sắc

Khu di tích Lịch sử Xẻo Quýt

Khu du lịch sinh thái Mỹ Phước Thành

Bảo tàng Đồng Tháp

Văn Miếu Đồng Tháp

Cù lao Tân Thuận Đông

Chợ Cao Lãnh

Chùa Hòa Long","Cụm Sa Đéc

Cụm Cái Bè

Cụm Tràm Chim

Cụm Tháp Mười"
46,Đồng Tháp,Sa Đéc,Cụm lớn,"Ngoạn cảnh thủ phủ hoa kiểng miền Tây, tham quan nhà cổ di sản thế giới và trải nghiệm các làng nghề truyền thống.","Các điểm đến thuộc cụm:

Làng hoa Sa Đéc (Tân Quy Đông)

Nhà cổ Huỳnh Thủy Lê

Chùa Kiến An Cung (Chùa Ông Quách)

Chùa Kim Huê

Khu du lịch Happyland Hung Thy

Chùa Phước Kiển (Chùa Lá Sen - Châu Thành)

Vườn quýt hồng Lai Vung

Làng nghề nem Lai Vung

Chợ chiếu Định Yên (Lấp Vò)

Công viên Sa Đéc","Cụm Cao Lãnh

Cụm Cái Bè"
47,Đồng Tháp,Tràm Chim,Cụm nhỏ,"Thám hiểm Khu Ramsar ngập nước thế giới, ngắm Sếu đầu đỏ và du lịch sinh thái làng nghề biên giới.","Các điểm đến thuộc cụm:

Vườn quốc gia Tràm Chim (Tam Nông)

Cửa khẩu Quốc tế Thường Phước (Hồng Ngự)

Làng nghề dệt choàng Long Khánh (Hồng Ngự)

Cù lao Long Khánh (Hồng Ngự)

Chợ biên giới Mộc Hoá - Tân Hồng","Cụm Cao Lãnh

Cụm Tháp Mười

Cụm Tân Lập (Long An)"
48,Đồng Tháp,Tháp Mười,Cụm nhỏ,"Thám hiểm di chỉ khảo cổ văn hóa Óc Eo, hòa mình vào cánh đồng sen bao la và du lịch sinh thái tràm sen.","Các điểm đến thuộc cụm:

Khu di tích Quốc gia đặc biệt Gò Tháp

Đồng Sen Tháp Mười (Mỹ Hòa)

Khu du lịch sinh thái Tràm Sen

Chùa Tháp Mười

Chợ quê Gò Tháp","Cụm Cao Lãnh

Cụm Tràm Chim

Cụm Tân Lập (Long An)"
49,An Giang,Phú Quốc,Cụm lớn,"Thiên đường nghỉ dưỡng biển đảo cao cấp, tổ hợp giải trí chủ đề quốc tế, khám phá sinh thái biển và di sản lịch sử.","Các điểm đến thuộc cụm:

VinWonders Phú Quốc

Vinpearl Safari Phú Quốc

Grand World Phú Quốc

Sun World Hòn Thơm (Cáp treo Hòn Thơm)

Bãi Sao

Bãi Khem

Bãi Dài

Bãi Trường

Làng chài Hàm Ninh

Dinh Cậu & Dinh Bà

Thiền viện Trúc Lâm Hộ Quốc (Chùa Hộ Quốc)

Di tích Lịch sử Nhà tù Phú Quốc

Mũi Gành Dầu

Bãi Rạch Vẹm (Bãi sao biển)

Hòn Mây Rút

Hòn Móng Tay

Hòn Gầm Ghì

Suối Tranh

Suối Đá Bàn

Chợ đêm Phú Quốc

Vườn quốc gia Phú Quốc",Kết nối đường thủy và đường hàng không với Cụm Hà Tiên và Cụm Rạch Giá.
50,An Giang,Hà Tiên,Cụm lớn,"Tham quan di sản danh thắng ""Hà Tiên thập cảnh"", du lịch văn hóa lịch sử, ẩm thực vùng biên và mua sắm cửa khẩu.","Các điểm đến thuộc cụm:

Danh thắng Núi Đá Dựng

Thạch Động

Bãi biển Mũi Nai

Núi Tô Châu

Khu di tích Lăng Mạc Cửu

Đầm Đông Hồ

Bãi Bàng Hà Tiên

Chùa Tam Bảo (Hà Tiên)

Chùa Phù Dũng

Chợ đêm Hà Tiên

Cửa khẩu Quốc tế Hà Tiên","Cụm Kiên Lương

Cụm Tịnh Biên (An Giang)

Cụm Phú Quốc (đường thủy)"
51,An Giang,Kiên Lương,Cụm nhỏ,"Khám phá quần đảo hoang sơ ""Vịnh Hạ Long phương Nam"", chiêm bái di tích thắng cảnh ven biển và địa đạo núi đá.","Các điểm đến thuộc cụm:

Quần đảo Bà Lụa (Ba Hòn Đầm)

Danh thắng Chùa Hang - Hòn Phụ Tử

Danh thắng Núi Mo So

Đảo Hòn Nghệ

Hang Tiền

Khu di tích Lịch sử Hòn Đất (Mộ Chị Sứ)","Cụm Hà Tiên

Cụm Rạch Giá

Cụm Tịnh Biên (An Giang)

Cụm Tri Tôn (An Giang)"
52,An Giang,Rạch Giá,Cụm lớn,"Trải nghiệm đô thị biển lấn biển hiện đại, du lịch tâm linh anh hùng dân tộc và đầu mối giao thông đường thủy.","Các điểm đến thuộc cụm:

Đền thờ Anh hùng dân tộc Nguyễn Trung Trực

Khu đô thị lấn biển Rạch Giá

Chùa Tam Bảo (Rạch Giá)

Chùa Quan Đế

Bến tàu du lịch Rạch Giá

Công viên An Hòa

Bảo tàng Kiên Giang

Chợ Rạch Giá","Cụm Kiên Lương

Cụm U Minh Thượng

Cụm Long Xuyên (An Giang)

Cụm Thoại Sơn (An Giang)

Cụm Phú Quốc & Cụm Nam Du (đường thủy)"
53,An Giang,Nam Du,Cụm nhỏ,"Thám hiểm quần đảo hoang sơ, trekking đỉnh núi giữa biển, lặn ngắm san hô và thưởng thức hải sản bãi biển.","Các điểm đến thuộc cụm:

Quần đảo Nam Du (Hòn Lớn, Bãi Cây Mến, Bãi Ngự, Hòn Dầu, Hòn Ngang, Hòn Mẫu)

Đảo Hòn Sơn / Lại Sơn (Bãi Bàng Hòn Sơn, Đỉnh Ma Thiên Lãnh Hòn Sơn)

Đảo Hòn Tre",Kết nối qua đường thủy với Cụm Rạch Giá.
54,An Giang,U Minh Thượng,Cụm nhỏ,Thám hiểm rừng tràm ngập nước đặc dụng trên đầm lầy than đa dạng sinh học và di tích căn cứ cách mạng.,"Các điểm đến thuộc cụm:

Vườn quốc gia U Minh Thượng

Hồ Hoa Mai

Căn cứ Lịch sử Cạnh Đền

Trang trại sinh thái U Minh Thượng",Cụm Rạch Giá
55,An Giang,Châu Đốc,Cụm lớn,"Hành hương trung tâm tâm linh lớn nhất Nam Bộ, tham quan di sản văn hóa Chăm sông nước và ẩm thực mắm miền Tây.","Các điểm đến thuộc cụm:

Miếu Bà Chúa Xứ Núi Sam

Quần thể Núi Sam

Chùa Tây An

Lăng Thoại Ngọc Hầu

Chùa Hang (Phước Điền Tự)

Làng chài nổi Châu Đốc

Làng Chăm Châu Giang

Thánh đường Mubarak

Bến tàu du lịch Châu Đốc","Cụm Tịnh Biên

Cụm Long Xuyên

Cụm Cao Lãnh (Đồng Tháp)"
56,An Giang,Tịnh Biên,Cụm nhỏ,"Thám hiểm hệ sinh thái rừng tràm ngập nước Trà Sư, hành hương ""Đà Lạt miền Tây"" trên đỉnh Núi Cấm và mua sắm biên giới.","Các điểm đến thuộc cụm:

Rừng tràm Trà Sư

Quần thể Núi Cấm (Hồ Thủy Liêm, Tượng Phật Di Lặc, Chùa Vạn Linh, Cáp treo Núi Cấm)

Chợ Tịnh Biên

Cửa khẩu Quốc tế Tịnh Biên

Chùa Kà Dy

Danh thắng Núi Két (Anh Vũ Sơn)","Cụm Châu Đốc

Cụm Tri Tôn

Cụm Hà Tiên (Kiên Giang)

Cụm Kiên Lương (Kiên Giang)"
57,An Giang,Tri Tôn,Cụm nhỏ,"Ngoạn cảnh hồ trên núi kỳ thú, check-in văn hóa Phật giáo Khmer cổ kính, núi đá huyền bí và thưởng thức ẩm thực đặc sản.","Các điểm đến thuộc cụm:

Hồ Tà Pạ & Chùa Tà Pạ

Cánh đồng Tà Pạ (Cây thốt nốt trái tim)

Núi Cô Tô (Phụng Hoàng Sơn) & Hồ Soài So

Hồ Ô Thum (Thưởng thức Gà đốt Ô Thum)

Chùa Xà Tón (Chùa Svayton)

Di tích Lịch sử Đồi Tức Dúp","Cụm Tịnh Biên

Cụm Thoại Sơn

Cụm Kiên Lương (Kiên Giang)"
58,An Giang,Thoại Sơn,Cụm nhỏ,"Thám hiểm di chỉ khảo cổ Quốc gia đặc biệt Văn hóa Óc Eo - Ba Thê, vãn cảnh quần thể hồ núi đá và thiền viện tâm linh.","Các điểm đến thuộc cụm:

Khu di tích Quốc gia đặc biệt Óc Eo - Ba Thê (Núi Ba Thê)

Khu du lịch Hồ Ông Thoại (Núi Sập)

Thiền viện Trúc Lâm An Giang

Đền thờ Thoại Ngọc Hầu (Thoại Sơn)

Lòng Hồ Núi Sập","Cụm Tri Tôn

Cụm Long Xuyên

Cụm Rạch Giá (Kiên Giang)"
59,An Giang,Long Xuyên,Cụm nhỏ,"Trải nghiệm du lịch sông nước cù lao, thăm khu di tích Chủ tịch Tôn Đức Thắng, chợ nổi truyền thống và di sản văn hóa đô thị.","Các điểm đến thuộc cụm:

Khu lưu niệm Chủ tịch Tôn Đức Thắng (Cù lao Ông Hổ)

Chợ nổi Long Xuyên

Nhà thờ Chánh tòa Long Xuyên

Bảo tàng An Giang

Công viên & Hồ Nguyễn Du

Chùa Ông Bắc","Cụm Châu Đốc

Cụm Thoại Sơn

Cụm Sa Đéc (Đồng Tháp)

Cụm Rạch Giá (Kiên Giang)"
60,Vĩnh Long,Bến Tre,Cụm lớn,"Trải nghiệm sinh thái sông nước xứ dừa, đi xuồng chèo kênh rạch, thám hiểm các cù lao cù nổi trên sông Tiền, tham quan làng nghề kẹo dừa và thưởng thức ẩm thực dừa đặc sắc.","• Thành phố Bến Tre

• Cồn Phụng (Khu di tích Đạo Dừa - Châu Thành)

• Cồn Quy

• Cồn Ốc

• Khu du lịch sinh thái Lan Vương

• Khu du lịch Hạ Thảo

• Di tích Lịch sử Quốc gia Đặc biệt Đồng Khởi (Định Thủy - Mỏ Cày Nam)

• Chùa Viên Minh

• Chợ Bến Tre

• Bảo tàng Bến Tre

• Chùa Tôn Thạnh","Chợ Lách, Ba Tri, Vĩnh Long, Mỹ Tho (Tiền Giang)"
61,Vĩnh Long,Chợ Lách,Cụm nhỏ,"Khám phá ""Thủ phủ cây giống & hoa kiểng"" lớn nhất miền Tây, thưởng thức vựa trái cây Cái Mơn ngút ngàn, tham quan nhà cổ Nam Bộ và du lịch miệt vườn cù lao.","• Vùng hoa kiểng & Cây giống Chợ Lách

• Vườn trái cây Cái Mơn

• Bia kỷ niệm Nhà bác học Trương Vĩnh Ký

• Nhà thờ Cái Mơn

• Cù lao Phú Đa (Cồn Nổi - Chợ Lách)

• Vườn sầu riêng & chôm chôm Chợ Lách

• Nhà cổ Huỳnh Đình Hai

• Cồn Sỏi","Bến Tre, Vĩnh Long, Tiền Giang"
62,Vĩnh Long,Ba Tri,Cụm nhỏ,"Hành hương Di tích Quốc gia Đặc biệt danh nhân Nguyễn Đình Chiểu, khám phá sân chim hoang dã, tắm biển sinh thái Cồn Bửng và di tích bến tàu Không số lịch sử.","• Khu di tích Quốc gia Đặc biệt Nhà thơ Nguyễn Đình Chiểu (Ba Tri)

• Sân chim Vàm Hồ (Ba Tri)

• Bãi biển Cồn Bửng (Thạnh Phú)

• Di tích Lịch sử Quốc gia Đường Hồ Chí Minh trên biển (Thạnh Phú)

• Lăng Ông Nam Hải (Ba Tri)

• Mộ nhà giáo Võ Trường Toản

• Chùa Tuyên Linh","Bến Tre, Trà Vinh"
63,Vĩnh Long,Vĩnh Long,Cụm lớn,"Du lịch sinh thái cù lao sông Cổ Chiên, trải nghiệm homestay nhà vườn Nam Bộ, check-in di sản ""Vương quốc gạch gốm"" Mang Thít, thăm các di tích danh nhân lịch sử và chùa cổ.","• Thành phố Vĩnh Long

• Cù lao An Bình (Khu du lịch Vinh Sang, Nhà cổ Bonsai Sáu Giáo, Vườn trái cây Tám Hổ)

• Vương quốc Gạch Gốm Mang Thít (Di sản Đương đại Mang Thít)

• Văn Thánh Miếu Vĩnh Long

• Chùa Tiên Châu (Cù lao An Bình)

• Khu lưu niệm Chủ tịch Hội đồng Bộ trưởng Phạm Hùng (Long Hồ)

• Khu lưu niệm Thủ tướng Võ Văn Kiệt (Vũng Liêm)

• Chùa Hạnh Phúc Tăng (Vũng Liêm)

• Chợ Vĩnh Long","Bến Tre, Chợ Lách, Trà Vinh, Cần Thơ, Tiền Giang, Đồng Tháp"
64,Vĩnh Long,Trà Vinh,Cụm lớn,"Khám phá di sản văn hóa đặc sắc dân tộc Khmer Nam Bộ, vãn cảnh quần thể chùa Khmer cổ kính, check-in danh thắng Ao Bà Om, du lịch miệt vườn cù lao dừa sáp và trẩy hội lễ hội Ok Om Bok.","• Thành phố Trà Vinh

• Danh thắng Ao Bà Om (Ao Kuu)

• Chùa Âng (Chùa Angkorajaborey)

• Chùa Hang (Chùa Kompongnikrod)

• Bảo tàng Văn hóa Dân tộc Khmer Trà Vinh

• Cù lao Tân Quy (Cầu Kè - Thủ phủ măng cụt & dừa sáp)

• Cù lao Long Trị

• Nhà cổ Cầu Kè (Nhà cổ Huỳnh Kỳ)

• Chợ Trà Vinh","Duyên Hải, Vĩnh Long, Bến Tre, Sóc Trăng"
65,Vĩnh Long,Duyên Hải,Cụm nhỏ,"Nghỉ dưỡng sinh thái biển Ba Động, check-in cánh đồng điện gió ngút ngàn, thám hiểm rừng ngập mặn ven biển, chiêm bái ngôi chùa Khmer mạ vàng lộng lẫy và thiền viện hướng biển.","• Bãi biển Ba Động (Duyên Hải)

• Cánh đồng Điện gió Duyên Hải / Đông Hải

• Chùa Vàm Ray (Chùa Phật nằm mạ vàng - Trà Cù)

• Khu du lịch sinh thái Rừng ngập mặn Duyên Hải

• Thiền viện Trúc Lâm Trà Vinh

• Chùa Cò (Chùa Nodol - Tra Cù)

• Cảng sông Hậu / Luồng cho tàu biển trọng tải lớn","Trà Vinh, Sóc Trăng"
66,Thành phố Cần Thơ,Cần Thơ,Cụm lớn,"Khám phá thủ phủ miền Tây, trải nghiệm chợ nổi biểu tượng, du lịch di sản kiến trúc, văn hóa bờ sông và ẩm thực đô thị.","• Bến Ninh Kiều

• Chợ nổi Cái Răng

• Nhà cổ Bình Thủy

• Bảo tàng Cần Thơ

• Chợ đêm Ninh Kiều

• Chùa Ong (Quảng Triệu Hội Quán)

• Cầu Cần Thơ

• Công viên Sông Hậu

• Chùa Nam Nhã

• Chùa Phật Học Cần Thơ

• Bảo tàng Quân khu 9","Cụm Phong Điền, Cụm Thốt Nốt, Cụm Bình Minh (Vĩnh Long), Cụm Ngã Bảy (Hậu Giang)"
67,Thành phố Cần Thơ,Phong Điền,Cụm nhỏ,"Trải nghiệm sinh thái miệt vườn trái cây Nam Bộ, đại thiền viện tâm linh và tổ hợp du lịch dã ngoại - văn hóa dân gian.","• Thiền viện Trúc Lâm Phương Nam

• Làng du lịch Mỹ Khánh

• Vườn trái cây Phong Điền

• Khu du lịch sinh thái Ông Đề

• Làng hoa Bà Bộ (Thới Nhựt)

• Di tích Lịch sử Giàn Gừa

• Chợ quê Phong Điền","Cụm Cần Thơ, Cụm Thốt Nốt, Cụm Ngã Bảy (Hậu Giang), Cụm Vị Thanh (Hậu Giang)"
68,Thành phố Cần Thơ,Thốt Nốt,Cụm nhỏ,"Thám hiểm sân chim hoang dã, du lịch sinh thái cù lao giữa sông Hậu và làng nghề làm bánh truyền thống.","• Sân chim Bằng Lăng

• Cù lao Tân Lộc

• Làng nghề bánh tráng Thuận Hưng

• Làng nghề đan lưới Thơm Rơm

• Đình Long Tuyền (Thốt Nốt)","Cụm Cần Thơ, Cụm Phong Điền, Cụm Long Xuyên (An Giang), Cụm Sa Đéc (Đồng Tháp)"
69,Thành phố Cần Thơ,Vị Thanh,Cụm lớn,"Du lịch sinh thái đô thị ven kênh đào lịch sử, di tích chiến thắng rực rỡ và trải nghiệm nông sản đặc sản vùng đất khóm.","• Bờ kè Kênh Xà No

• Di tích Lịch sử Quốc gia Đặc biệt Chiến thắng Chương Thiện

• Khu du lịch sinh thái Khải Hoàn

• Chợ đêm Vị Thanh

• Chùa Aranhwat (Chùa Khmer)

• Cánh đồng khóm Cầu Đúc

• Công viên Hoà Bình","Cụm Ngã Bảy, Cụm Phong Điền (Cần Thơ), Cụm Ngã Năm (Sóc Trăng), Cụm Rạch Giá (Kiên Giang)"
70,Thành phố Cần Thơ,Ngã Bảy,Cụm nhỏ,"Thám hiểm khu bảo tồn thiên nhiên ngập nước Lung Ngọc Hoàng, du lịch chợ nổi giao thoa 7 dòng sông và di sản cây gừa cổ thụ.","• Khu bảo tồn thiên nhiên Lung Ngọc Hoàng

• Chợ nổi Ngã Bảy (Phụng Hiệp)

• Thiền viện Trúc Lâm Hậu Giang

• Di tích Cây Gừa di sản (Phụng Hiệp)

• Trung tâm Nông nghiệp Mùa Xuân

• Khu di tích Căn cứ Tỉnh ủy Hậu Giang","Cụm Vị Thanh, Cụm Cần Thơ, Cụm Phong Điền (Cần Thơ), Cụm Sóc Trăng, Cụm Cầu Kè (Trà Vinh)"
71,Thành phố Cần Thơ,Sóc Trăng,Cụm lớn,"Khám phá quần thể chùa Khmer độc đáo bậc nhất Nam Bộ, tham quan các kiệt tác kiến trúc tâm linh di sản và văn hóa lễ hội.","• Chùa Dơi (Chùa Mã Tộc)

• Chùa Som Rong (Tượng Phật nằm khổng lồ)

• Chùa Chén Kiểu (Chùa Sà Lôn)

• Chùa Đất Sét (Bửu Sơn Tự)

• Chùa Kh'leang

• Bảo tàng Khmer Sóc Trăng

• Chợ Sóc Trăng

• Hồ Nước Ngọt Sóc Trăng

• Chùa Pôthi Thlăng","Cụm Trần Đề, Cụm Vĩnh Châu, Cụm Ngã Năm, Cụm Ngã Bảy (Hậu Giang)"
72,Thành phố Cần Thơ,Trần Đề,Cụm nhỏ,"Du lịch sinh thái cù lao sông nước ngập mặn, trải nghiệm cảng biển kết nối các tuyến đảo khơi xa và bãi biển tự nhiên.","• Cù lao Dung (Khu sinh thái rừng ngập mặn, Sân chim Cù lao Dung)

• Cảng biển Trần Đề

• Bãi biển Mỏ Ó

• Chùa Kinh Kíp

• Đền thờ Bác Hồ (Cù lao Dung)","Cụm Sóc Trăng, Cụm Vĩnh Châu, Cụm Duyên Hải (Trà Vinh - kết nối đường thủy)"
73,Thành phố Cần Thơ,Vĩnh Châu,Cụm nhỏ,"Check-in cánh đồng điện gió bờ biển, du lịch tâm linh ven biển, trải nghiệm bãi biển tự nhiên và làng nghề nông sản.","• Cánh đồng Điện gió Vĩnh Châu

• Khu du lịch Sinh thái Bãi biển Hồ Bể

• Chùa Quan Âm Đông Hải

• Chùa Săm Rông Vĩnh Châu

• Làng nghề trồng hành tím Vĩnh Châu

• Thiền viện Trúc Lâm Sóc Trăng","Cụm Sóc Trăng, Cụm Trần Đề, Cụm Bạc Liêu"
74,Thành phố Cần Thơ,Ngã Năm,Cụm nhỏ,"Trải nghiệm chợ nổi đặc trưng ngã 5 sông giao thoa, tham quan căn cứ chiến khu rừng tràm và hành hương chùa cổ.","• Chợ nổi Ngã Năm

• Di tích Căn cứ Tỉnh ủy Sóc Trăng (Rừng tràm Mỹ Phước)

• Chùa Ô Tùng

• Tượng đài Chiến thắng Ngã Năm","Cụm Sóc Trăng, Cụm Vị Thanh (Hậu Giang), Cụm Phước Long (Bạc Liêu)"
75,Cà Mau,Bạc Liêu,Cụm lớn,"Khám phá di sản Đờn ca tài tử, tham quan nhà cổ giai thoại, check-in cánh đồng điện gió ven biển và chiêm bái di tích tâm linh.","• Nhà Công tử Bạc Liêu

• Khu lưu niệm Nghệ thuật Đờn ca tài tử Nam Bộ và Nhạc sĩ Cao Văn Lầu

• Khu du lịch Quán Âm Phật Đài (Phật Bà Nam Hải)

• Cánh đồng Điện gió Bạc Liêu

• Chùa Xiêm Cán

• Quảng trường Hùng Vương & Biểu tượng Đàn Kìm

• Tháp cổ Vĩnh Hưng (Di tích Óc Eo)

• Khu du lịch Nhà Mát

• Vườn chim Bạc Liêu

• Chợ Bạc Liêu","Giá Rai, Vĩnh Châu (Sóc Trăng), Cà Mau"
76,Cà Mau,Giá Rai,Cụm nhỏ,"Hành hương trung tâm Công giáo linh thiêng bậc nhất Nam Bộ, di tích lịch sử phong trào nông dân và tham quan các ngôi chùa Khmer lộng lẫy.","• Nhà thờ Tắc Sậy (Khu an táng Linh mục Trương Bửu Diệp)

• Di tích Lịch sử Quốc gia Đồng Nọc Nạng

• Chùa Ghositaram (Chùa Cù Lao - Phước Long)

• Vườn chim Phước Long

• Khu du lịch sinh thái đầm dừa nước Phước Long","Bạc Liêu, Cà Mau, Ngã Năm (Sóc Trăng)"
77,Cà Mau,Cà Mau,Cụm lớn,"Trải nghiệm không gian đô thị trung tâm cực Nam, tham quan sân chim tự nhiên lòng thành phố và di tích lịch sử văn hóa.","• Thành phố Cà Mau

• Công viên Văn hóa Cà Mau (Sân chim Cà Mau)

• Chùa Monivongsa Bopharam

• Chùa Bà Thiên Hậu Cà Mau

• Bảo tàng Cà Mau

• Chợ đêm Cà Mau

• Di tích Lịch sử Bến Lộc An","U Minh Hạ, Đất Mũi, Bạc Liêu, Giá Rai"
78,Cà Mau,Đất Mũi,Cụm nhỏ,"Chinh phục mốc tọa độ Cực Nam Tổ quốc, thám hiểm rừng ngập mặn Ramsar thế giới và du lịch sinh thái biển đảo hoang sơ.","• Công viên Văn hóa Du lịch Mũi Cà Mau (Cột mốc tọa độ Quốc gia GPS 0001, Cột cờ Hà Nội tại Đất Mũi, Biểu tượng con tàu Cà Mau)

• Vườn quốc gia Mũi Cà Mau

• Bãi bồi Mũi Cà Mau

• Cụm đảo Hòn Khoai

• Di tích Tượng đài Chuyến tàu Khai Long (Năm Căn)

• Bến tàu du lịch Năm Căn","Cà Mau, U Minh Hạ"
79,Cà Mau,U Minh Hạ,Cụm nhỏ,"Thám hiểm hệ sinh thái rừng tràm ngập nước than bùn, trải nghiệm nghề gác kèo ăn ong, danh thắng núi đá ven biển và đầm tự nhiên.","• Vườn quốc gia U Minh Hạ

• Khu du lịch sinh thái Mười Ngọt (Trải nghiệm gác kèo ăn ong)

• Khu du lịch sinh thái Sông Trẹm

• Danh thắng Hòn Đá Bạc & Di tích Lịch sử Căn cứ K48

• Đầm Thị Tường

• Làng rừng Cà Mau","Cà Mau, Đất Mũi, U Minh Thượng (Kiên Giang)"
80,Khánh Hoà,Nha Trang,Cụm lớn,"Đô thị du lịch biển hiện đại, nghỉ dưỡng đảo cao cấp, di sản văn hóa Chăm Pa và các tổ hợp giải trí ven biển.","• VinWonders Nha Trang (Hòn Tre)

• Bãi biển Nha Trang

• Tháp Bà Ponagar

• Viện Hải dương học Nha Trang

• Chùa Long Sơn

• Nhà thờ Đá Nha Trang (Nhà thờ Núi)

• Hòn Tầm

• Hòn Mun

• Đảo Yến - Hòn Nội

• Hòn Chồng - Hòn Vợ

• Chợ Đầm

• Chợ đêm Nha Trang

• Khu tắm bùn khoáng Tháp Bà / I-Resort

• Bến du lịch Ana Marina","Ninh Hòa, Cam Ranh, Khánh Vĩnh"
81,Khánh Hoà,Vân Phong,Cụm nhỏ,"Thám hiểm vịnh biển hoang sơ, chinh phục Mũi Đôi Cực Đông đất liền, check-in con đường đi bộ giữa biển và các bãi biển tự nhiên.","• Vịnh Vân Phong

• Đảo Điệp Sơn (Con đường dưới biển)

• Mũi Đôi - Hòn Đầu (Cực Đông đất liền Việt Nam)

• Bãi biển Xuân Đừng (Sơn Đừng)

• Bán đảo Hòn Gốm

• Mũi Đầm Môn

• Bãi Bằng Vạn Ninh

• Cánh đồng muối Hòn Khói","Ninh Hòa, Cổ Thạch (Phú Yên)"
82,Khánh Hoà,Ninh Hòa,Cụm lớn,"Tắm biển bãi cát mịn Dốc Lết, khám phá hệ sinh thái đầm Nha Phu, thăm đảo động vật và trekking suối thác tự nhiên.","• Bãi biển Dốc Lết

• Đầm Nha Phu

• Đảo Khỉ (Hòn Lao)

• Đảo Hoa Lan (Hòn Hèo)

• Khu du lịch Thác Ba Hồ

• Bán đảo Hòn Hèo

• Di tích Lịch sử Tàu Không số C235 (Hòn Hèo)

• Chợ Ninh Hòa","Nha Trang, Vân Phong, Khánh Vĩnh"
83,Khánh Hoà,Cam Ranh,Cụm lớn,"Nghỉ dưỡng biển Bãi Dài cao cấp, thám hiểm quần đảo Tứ Bình hoang sơ, thưởng thức tôm hùm và kiến trúc tâm linh san hô.","• Bãi Dài Cam Ranh

• Vịnh Cam Ranh

• Đảo Bình Ba

• Đảo Bình Hưng

• Bán đảo Bình Lập

• Chùa Từ Vân (Chùa Ốc / Chùa San Hô)

• Bãi Tiên Thủy

• Khu di tích Bác Bác - Yersin (Suối Dầu)

• Sân bay Quốc tế Cam Ranh","Nha Trang, Khánh Sơn, Vĩnh Hy, Phan Rang"
84,Khánh Hoà,Khánh Vĩnh,Cụm nhỏ,"Du lịch sinh thái đại ngàn, tắm khoáng nóng thiên nhiên trong rừng, chinh phục đèo núi hùng vĩ và không gian bản địa.","• Khu du lịch sinh thái Thác Yang Bay

• Đèo Khánh Lê (Đèo Omega)

• Khu bảo tồn thiên nhiên Hòn Bà (Nhà làm việc Bác sĩ Yersin)

• Suối Nguồn Hòn Bà

• Thác Lạc Sanh

• Các buôn làng Raglai Khánh Vĩnh","Nha Trang, Ninh Hòa, Khánh Sơn, Đà Lạt (Lâm Đồng)"
85,Khánh Hoà,Khánh Sơn,Cụm nhỏ,"Săn mây cao nguyên Khánh Sơn, khám phá đại thác nguyên sinh, tìm hiểu di sản đàn đá và văn hóa truyền thống Raglai.","• Thác Tà Gụ

• Đồi tím Khánh Sơn

• Di chỉ Đàn đá Khánh Sơn

• Thác Kén

• Thác Cam Anh

• Thung lũng Tà Năng (đoạn Khánh Sơn)

• Buôn làng Raglai Tô Hạp","Cam Ranh, Khánh Vĩnh, Ninh Sơn, Đức Trọng (Lâm Đồng)"
86,Khánh Hoà,Phan Rang,Cụm lớn,"Khám phá di sản kiến trúc Chăm Pa cổ kính, nghỉ dưỡng biển đô thị Ninh Chữ, trải nghiệm làng nghề truyền thống và đồi cát.","• Bãi biển Ninh Chữ

• Bãi biển Bình Sơn

• Tháp Po Klong Garai

• Tháp Po Rome

• Làng gốm Bàu Trúc

• Làng dệt thổ cẩm Mỹ Nghiệp

• Đồi cát Nam Cương

• Đồng cừu An Hòa

• Vườn nho Ba Mọi

• Bảo tàng Ninh Thuận

• Chợ Phan Rang","Vĩnh Hy, Cà Ná, Ninh Sơn, Cam Ranh"
87,Khánh Hoà,Vĩnh Hy,Cụm nhỏ,"Ngoạn cảnh vịnh biển nguyên sơ, thám hiểm Vườn quốc gia Núi Chúa, ngắm thềm san hô cổ Hang Rái và thưởng thức nho tại vườn.","• Vịnh Vĩnh Hy

• Vườn quốc gia Núi Chúa

• Hang Rái

• Vườn nho Thái An

• Bãi Kinh

• Công viên đá Núi Chúa

• Suối Lồ Ồ

• Bãi Thùng","Phan Rang, Cam Ranh"
88,Khánh Hoà,Cà Ná,Cụm nhỏ,"Check-in cung đường biển ngoạn mục, thám hiểm sa mạc cát Mũi Dinh, trải nghiệm xe địa hình và cánh đồng điện gió bờ biển.","• Bãi biển Cà Ná

• Mũi Dinh & Hải đăng Mũi Dinh

• Đồi cát Mũi Dinh

• Khu du lịch Tanyoli

• Cánh đồng Điện gió Thuận Nam

• Bãi Tràng

• Cảng biển Cà Ná

• Bãi Hòn Cò","Phan Rang, Ninh Sơn, Cổ Thạch (Bình Thuận)"
89,Khánh Hoà,Ninh Sơn,Cụm nhỏ,"Chinh phục đèo dốc lịch sử Ngoạn Mục, thám hiểm đại thác nguyên sinh miền núi và sinh thái hồ đại ngàn.","• Đèo Sông Pha (Đèo Ngoạn Mục - đoạn Ninh Thuận)

• Thác Chapơr (Bác Ái)

• Hồ Sông Sắt

• Hồ Sông Than

• Thác Savin

• Suối Lạnh Bác Ái

• Vườn trái cây Lâm Sơn","Phan Rang, Cà Ná, Khánh Sơn, Đức Trọng (Lâm Đồng)"
90,Đắk Lắk,Tuy Hòa,Cụm lớn,"Du lịch đô thị biển, thưởng thức ẩm thực cá ngừ đại dương, vãn cảnh núi sông và check-in công viên biểu tượng.","• Thành phố Tuy Hòa

• Bãi biển Tuy Hòa

• Tháp Nghinh Phong

• Núi Nhạn & Tháp Nhạn

• Chùa Bảo Lâm

• Chùa Hồ Sơn

• Bờ kè bờ sông Ba (Quảng Đức)

• Quảng trường 1 Tháng 4

• Chợ đêm Tuy Hòa","Tuy An, Đông Hòa, Vân Hòa"
91,Đắk Lắk,Tuy An,Cụm nhỏ,"Khám phá di sản địa chất độc bản, check-in cảnh quan phim trường, thưởng thức hải sản đầm và nhà thờ di sản cổ.","• Danh thắng Quốc gia Đặc biệt Gành Đá Đĩa

• Hải đăng Gành Đèn

• Bãi Xép (Phim trường ""Tôi thấy hoa vàng trên cỏ xanh"")

• Chùa Mằng Lăng (Lưu giữ cuốn sách chữ Quốc ngữ đầu tiên)

• Đầm Ô Loan

• Danh thắng Hòn Yến

• Cầu gỗ Ông Cọp (Cầu gỗ dài nhất Việt Nam)

• Chùa Thanh Lương (Kiến trúc gáo dừa và san hô)","Tuy Hòa, Sông Cầu, Vân Hòa"
92,Đắk Lắk,Sông Cầu,Cụm nhỏ,"Thám hiểm vịnh biển danh thắng, check-in con đường rẽ sóng giữa biển, bãi biển hoang sơ và đầm tôm hùm.","• Vịnh Xuân Đài

• Đảo Nhất Tự Sơn (Con đường đi bộ rẽ sóng ra đảo)

• Bãi Tràm

• Bãi Ôm - Bãi Rạng

• Đầm Cù Mông

• Bãi Nồm

• Bãi Bầu

• Mũi Từ Lương","Tuy An, Vân Hòa, Quy Nhơn (Bình Định)"
93,Đắk Lắk,Đông Hòa,Cụm nhỏ,"Chinh phục điểm đón bình minh sớm trên đất liền, thám hiểm di tích lịch sử vũng biển huyền thoại và đảo san hô.","• Mũi Điện (Mũi Đại Lãnh) & Hải đăng Đại Lãnh

• Bãi Môn

• Vịnh Vũng Rô

• Di tích Lịch sử Quốc gia Tàu Không số Vũng Rô

• Đảo Hòn Nưa (đoạn Phú Yên)

• Đèo Cả (đoạn Phú Yên)

• Bãi Tiên","Tuy Hòa, Vân Phong (Khánh Hòa)"
94,Đắk Lắk,Vân Hòa,Cụm nhỏ,"Nghỉ dưỡng khí hậu cao nguyên ôn hòa, khám phá đại thác nguyên sinh, suối nước nóng và di tích căn cứ cách mạng.","• Cao nguyên Vân Hòa (""Đà Lạt thu nhỏ của Phú Yên"")

• Nhà thờ Bác Hồ (Sơn Hòa)

• Thiền viện Trúc Lâm Phú Yên

• Thác Vực Hòm

• Thác Vực Cầu

• Buôn Goor

• Thác H'Ly (Sông Hinh)

• Hồ Sông Hinh

• Suối nước nóng Trà Ô

• Di tích Căn cứ Tỉnh ủy Phú Yên","Tuy Hòa, Tuy An, Sông Cầu, M'Drắk (Đắk Lắk)"
95,Đắk Lắk,Buôn Ma Thuột,Cụm lớn,"Thưởng thức thủ phủ cà phê Việt Nam, tham quan bảo tàng kiến trúc độc đáo, văn hóa Tây Nguyên và quần thể đại thác.","• Bảo tàng Thế giới Cà phê

• Làng cà phê Trung Nguyên

• Bảo tàng Đắk Lắk

• Biệt điện Bảo Đại Buôn Ma Thuột

• Chùa Khải Đoan

• Hồ Ea Kao

• Thác Dray Nur

• Thác Đray An Sra

• Đường sách Cà phê Buôn Ma Thuột

• Chợ đêm Buôn Ma Thuột

• Buôn Akŏ Dhông (Buôn Cô Thôn)","Buôn Đôn, Lắk, M'Drắk, Krông Nô (Đắk Nông), Gia Nghĩa (Đắk Nông)"
96,Đắk Lắk,Buôn Đôn,Cụm nhỏ,"Trải nghiệm văn hóa voi huyền thoại, thám hiểm rừng nguyên sinh Yok Đôn và chinh phục cầu treo tre vượt dòng Sêrêpôk.","• Vườn quốc gia Yok Đôn

• Khu du lịch sinh thái Cầu treo Buôn Đôn

• Nhà sàn cổ Amakông

• Mộ Vua săn voi Khunjunob

• Thác Bảy Nhánh

• Buôn Trăng Sók

• Sông Sêrêpôk (đoạn Buôn Đôn)

• Nhà mồ Buôn Đôn","Buôn Ma Thuột, Krông Nô (Đắk Nông)"
97,Đắk Lắk,Lắk,Cụm nhỏ,"Ngoạn cảnh hồ nước tự nhiên lớn nhất Tây Nguyên, chinh phục tảng đá nguyên khối khổng lồ, thăm biệt điện đồi cao và trekking đại ngàn.","• Hồ Lắk

• Biệt điện Bảo Đại (đồi Hồ Lắk)

• Buôn Jun

• Buôn M'Liêng

• Núi Đá Voi Mẹ & Núi Đá Voi Cha (Yang Tao)

• Vườn quốc gia Chư Yang Sin

• Thác Krông Kmar (Krông Bông)

• Thác Búp Lê","Buôn Ma Thuột, Đức Trọng (Lâm Đồng), Đà Lạt (Lâm Đồng), M'Drắk"
98,Đắk Lắk,M'Drắk,Cụm nhỏ,"Trải nghiệm du lịch sinh thái trang trại ""Dubai thu nhỏ"", khám phá đại thác nhiều tầng và các đồi chè, vườn ca cao ngút ngàn.","• Khu du lịch sinh thái M'Drắk

• Thác Dray Kpơr

• Thác Thủy Tiên (Krông Năng)

• Cánh đồng ca cao Krông Pắc

• Đèo Phượng Hoàng (đoạn Đắk Lắk)

• Hồ Krông Búk

• Buôn Jiê Yuk","Buôn Ma Thuột, Lắk, Vân Hòa (Phú Yên), Ninh Hòa (Khánh Hòa)"
99,Gia Lai,Quy Nhơn,Cụm lớn,"Đô thị du lịch biển bán đảo, nghỉ dưỡng biển đảo hoang sơ, khám phá trung tâm khoa học vũ trụ và di sản văn hóa Chăm Pa.","• Bãi biển Quy Nhơn

• Kỳ Co & Eo Gió (Nhơn Lý)

• Bãi Hoàng Hậu & Ghềnh Ráng Tiên Sa

• Mộ nhà thơ Hàn Mặc Tử

• Danh thắng Tháp Đôi

• Bãi Xép Quy Nhơn

• Đảo Hòn Khô (Nhơn Hải)

• Cù Lao Xanh (Nhơn Châu)

• Đầm Thị Nại & Cầu Thị Nại

• Tượng Phật Chùa Linh Phong (Chùa Ông Núi - Cát Tiến)

• Trung tâm Khám phá Khoa học ExploraScience

• Tháp Bánh Ít (Tuy Phước)

• Quảng trường Nguyễn Tất Thành

• Chợ đêm Quy Nhơn","Tây Sơn, Hoài Nhơn, Sông Cầu (Phú Yên)"
100,Gia Lai,Tây Sơn,Cụm nhỏ,"Hành hương cội nguồn phong trào Tây Sơn, thưởng thức võ thuật truyền thống, thám hiểm sông suối đại ngàn và di tích tháp Chăm.","• Bảo tàng Quang Trung

• Khu du lịch sinh thái Hầm Hố

• Danh thắng Tháp Dương Long

• Đàn tế Trời Đất Suối Cả

• Tháp Canh Tiên

• Làng nghề đúc đồng Bằng Châu

• Làng nghề nón Ngựa Phú Gia

• Hồ Núi Một

• Di tích Bán đảo Núi Bà","Quy Nhơn, Hoài Nhơn, An Khê (Gia Lai)"
101,Gia Lai,Hoài Nhơn,Cụm nhỏ,"Khám phá thắng cảnh địa chất độc đáo vách đá rồng, nghỉ dưỡng khí hậu cao nguyên hoang sơ và trải nghiệm sinh thái sông suối, làng nghề.","• Danh thắng Mũi Vi Rồng (Tân Phụng - Phù Mỹ)

• Đầm Trà Oa (Trà Lộc)

• Bãi biển An Lương

• Bãi biển Hoài Nhơn (Tam Quan)

• Cao nguyên An Lão

• Thác Tà Má (Vĩnh Thạnh)

• Đèo Cù Mông (đoạn Bình Định)

• Làng chiếu Bồng Sơn

• Cảng cá Tam Quan","Quy Nhơn, Tây Sơn, Kbang (Gia Lai), Sông Cầu (Phú Yên)"
102,Gia Lai,Pleiku,Cụm lớn,"Trải nghiệm đô thị cao nguyên xanh, thưởng thức không gian văn hóa Cồng chiêng, ngoạn cảnh lòng hồ núi lửa và kiến trúc chùa di sản.","• Biển Hồ (Hồ T'Nưng)

• Núi lửa Chư Đăng Ya

• Biển Hồ Chè

• Chùa Minh Thành

• Quảng trường Đại Đoàn Kết

• Núi Hàm Rồng (Chư H'Drông)

• Nhà máy Thủy điện Ialy

• Chùa Bửu Minh

• Đồi cỏ hồng Hà Bầu

• Học viện Bóng đá HAGL","Kbang, An Khê, Ayun Pa"
103,Gia Lai,Kbang,Cụm nhỏ,"Thám hiểm ""Đại ngàn Tây Nguyên"", trekking chinh phục đại thác nguyên sinh giữa rừng già và khám phá khu bảo tồn thiên nhiên thế giới.","• Thác K50 (Thác Hang Én)

• Khu bảo tồn thiên nhiên Kon Chư Răng

• Vườn quốc gia Kon Ka Kinh

• Thác K40

• Bãi đá cổ Làng Mơ Hra

• Di tích Lịch sử Vườn Cam

• Thác 5 Tầng Kbang","Pleiku, An Khê, Tây Sơn (Bình Định), Hoài Nhơn (Bình Định)"
104,Gia Lai,An Khê,Cụm nhỏ,"Tìm hiểu di tích lịch sử Quốc gia Đặc biệt Tây Sơn Thượng Đạo, trekking đèo núi lịch sử và suối khoáng nóng thiên nhiên.","• Quần thể Di tích Quốc gia Đặc biệt Tây Sơn Thượng Đạo (An Khê Trường, An Khê Đình, Lũy An Khê)

• Thị xã An Khê

• Đèo An Khê

• Thác Chín Tầng

• Suối khoáng nóng Lệ Bắc

• Làng cổ Cho Rơng","Pleiku, Kbang, Ayun Pa, Tây Sơn (Bình Định)"
105,Gia Lai,Ayun Pa,Cụm nhỏ,"Thám hiểm đại thác nước hùng vĩ, trải nghiệm hồ thủy lợi đại ngàn, du lịch sinh thái biên giới và di tích lịch sử chiến tranh.","• Thác Phú Cường (Chư Sê)

• Hồ Ayun Hạ

• Thị xã Ayun Pa

• Thác Mơ (Chư Prông)

• Cửa khẩu Quốc tế Lệ Thanh (Đức Cơ)

• Tượng đài Chiến thắng Đường 7 - Sông Bờ

• Thác Làng Sơr","Pleiku, An Khê, Buôn Ma Thuột (Đắk Lắk), M'Drắk (Đắk Lắk)"
106,Quảng Ngãi,Quảng Ngãi,Cụm lớn,"Thắng cảnh núi sông biểu tượng, tắm biển bãi cát mịn, thăm khu chứng tích di sản lịch sử và thưởng thức ẩm thực đặc sản.","• Thành phố Quảng Ngãi

• Núi Thiên Ấn & Chùa Thiên Ấn

• Mộ Cụ Huỳnh Thúc Kháng

• Bãi biển Mỹ Khê (Quảng Ngãi)

• Khu chứng tích Sơn Mỹ (Mỹ Lai)

• Bờ kè Cổ Lũy

• Cảng Sa Kỳ (Đầu mối đi Lý Sơn)

• Bãi biển Bình Sơn / Dung Quất

• Bảo tàng Quảng Ngãi

• Chợ đêm Quảng Ngãi","Sa Huỳnh, Trà Bồng, Ba Tơ, Lý Sơn (đường thủy)"
107,Quảng Ngãi,Lý Sơn,Cụm nhỏ,"Du lịch nghỉ dưỡng đảo núi lửa độc bản, chiêm ngưỡng kiệt tác địa chất tự nhiên, lặn ngắm san hô và thưởng thức tỏi Lý Sơn.","• Đảo Lý Sơn (Đảo Lớn)

• Đảo Bé (An Bình)

• Cổng Tỏ Vò

• Đỉnh Thới Lới

• Hang Cầu

• Chùa Hang

• Chùa Đục

• Hải đăng Lý Sơn

• Hòn Mù U

• Giếng Tiền

• Dinh An Vĩnh",Kết nối đường thủy với Quảng Ngãi
108,Quảng Ngãi,Sa Huỳnh,Cụm nhỏ,"Thám hiểm di chỉ Văn hóa cổ Sa Huỳnh, trải nghiệm làng muối trắng ngút ngàn, du lịch làng cổ ven biển và tắm bãi biển hoang sơ.","• Bãi biển Sa Huỳnh

• Đầm An Khê

• Làng cổ Gò Cỏ

• Làng muối Sa Huỳnh

• Khu di tích Văn hóa Sa Huỳnh

• Bãi Hóc Mó

• Mũi Sa Huỳnh

• Chùa Am Trích","Quảng Ngãi, Ba Tơ, Hoài Nhơn (Bình Định)"
109,Quảng Ngãi,Ba Tơ,Cụm nhỏ,"Khám phá đại thác nước trắng đẹp nhất miền Trung, hành hương di tích khởi nghĩa lịch sử, trekking đèo Vi Ô Lắc và hồ tự nhiên.","• Thác Trắng Minh Long

• Di tích Lịch sử Quốc gia Đặc biệt Khởi nghĩa Ba Tơ

• Đèo Vi Ô Lắc (đoạn Quảng Ngãi)

• Hồ Núi Ngang

• Thác Cao Muôn

• Suối nước nóng Thạch Bích","Quảng Ngãi, Sa Huỳnh, Trà Bồng, Măng Đen (Kon Tum)"
110,Quảng Ngãi,Trà Bồng,Cụm nhỏ,"Thám hiểm đỉnh núi cao hùng vĩ, du lịch sinh thái xứ sở quế, vãn cảnh điện thờ linh thiêng và thám hiểm suối thác nguyên sinh.","• Núi Cà Đăm

• Di tích Điện Trường Bà

• Thác Cà Đắc

• Thác Cổ Lạc

• Rừng quế Trà Bồng

• Thác Thạch Bích (Trà Bồng)

• Hồ Liệt Sơn","Quảng Ngãi, Ba Tơ"
111,Quảng Ngãi,Kon Tum,Cụm lớn,"Tham quan kiến trúc nhà thờ gỗ độc đáo, trải nghiệm văn hóa nhà rông sông Đắk Bla, di tích lịch sử và ẩm thực phố núi.","• Thành phố Kon Tum

• Nhà thờ Gỗ Kon Tum (Nhà thờ Chánh tòa)

• Tòa Giám mục Kon Tum

• Nhà rông Kon Klor

• Cầu treo Kon Klor

• Di tích Lịch sử Ngục Kon Tum

• Sông Đắk Bla

• Làng du lịch cộng đồng Kon Ktu / Bơ Yầu","Măng Đen, Ngọc Hồi, Pleiku (Gia Lai)"
112,Quảng Ngãi,Măng Đen,Cụm nhỏ,"Nghỉ dưỡng khí hậu cao nguyên ôn đới, săn mây đại ngàn, chiêm bái di tích tâm linh và khám phá đại thác - hồ sinh thái.","• Khu du lịch Măng Đen

• Hồ Đắk Ke

• Thác Pa Sỹ

• Chùa Khánh Lâm

• Tượng Đức Mẹ Măng Đen

• Làng du lịch cộng đồng Kon Pring

• Đồi cỏ Măng Đen

• Thác Đắk Ke

• Êban Farm

• Đèo Vi Ô Lắc (đoạn Kon Tum)","Kon Tum, Ngọc Linh, Ba Tơ (Quảng Ngãi), Kbang (Gia Lai)"
113,Quảng Ngãi,Ngọc Hồi,Cụm nhỏ,"Check-in mốc tọa độ Ngã ba Đông Dương ""một con gà gáy ba nước cùng nghe"", di tích chiến trường lịch sử và du lịch biên giới.","• Cột mốc biên giới 3 nước Việt Nam - Lào - Campuchia (Ngã ba Đông Dương)

• Cửa khẩu Quốc tế Pờ Y

• Di tích Lịch sử Quốc gia Đặc biệt Đắk Tô - Tân Cảnh

• Tượng đài Chiến thắng Đắk Tô

• Đồi Chư Tan Kra

• Thác Đắk Lung

• Làng Đắk Răng","Kon Tum, Măng Đen, Ngọc Linh"
114,Quảng Ngãi,Ngọc Linh,Cụm nhỏ,"Thám hiểm đỉnh núi cao nhất Tây Nguyên, trekking rừng sâm quốc bảo Ngọc Linh, khám phá Vườn quốc gia và đèo dốc đại ngàn.","• Đỉnh núi Ngọc Linh

• Rừng Sâm Ngọc Linh

• Vườn quốc gia Chư Mom Ray

• Thác Đắk Năng

• Đèo Lò Xo (đoạn Kon Tum)

• Làng Tu Mơ Rông

• Thác Siu Puông","Kon Tum, Măng Đen, Ngọc Hồi"
115,Thành phố Đà Nẵng,Đà Nẵng,Cụm lớn,"Đô thị du lịch biển hiện đại, bán đảo sinh thái, danh thắng núi đá vôi tâm linh và trải nghiệm ẩm thực - giải trí sông nước.","• Bãi biển Mỹ Khê

• Bãi biển Phạm Văn Đồng

• Bán đảo Sơn Trà (Chùa Linh Ứng Sơn Trà, Đỉnh Bàn Cờ, Cây đa ngàn năm, Mũi Nghẹt, Bãi Bạc)

• Danh thắng Ngũ Hành Sơn (Chùa Tam Thai, Chùa Linh Ứng Ngũ Hành Sơn, Động Huyền Không, Động Âm Phủ)

• Bãi biển Non Nước

• Làng đá mỹ nghệ Non Nước

• Cầu Rồng & Cầu Sông Hàn

• Cầu Trần Thị Lý

• Chợ Hàn & Chợ Cồn

• Bảo tàng Điêu khắc Chăm

• Nhà thờ Chính Tòa (Nhà thờ Con Gà)

• Công viên Châu Á (Asia Park)

• Du thuyền Sông Hàn

• Công viên APEC","Bà Nà, Hội An, Hoàng Sa (đường thủy)"
116,Thành phố Đà Nẵng,Bà Nà,Cụm nhỏ,"Nghỉ dưỡng khí hậu cao nguyên đỉnh núi, tổ hợp giải trí phong cách châu Âu, trải nghiệm Cầu Vàng biểu tượng và tắm khoáng suối nóng.","• Sun World Ba Na Hills (Cầu Vàng, Làng Pháp, Chùa Linh Ứng Bà Nà, Đỉnh Chúa)

• Khu du lịch sinh thái Núi Chúa

• Suối khoáng nóng Núi Thần Tài

• Khu du lịch sinh thái Hòa Phú Thành (Trượt thác)

• Khu du lịch sinh thái Ngầm Đôi

• Công viên sinh thái Lái Thiêu Đà Nẵng

• Làng cổ Tú Túy

• Đèo Hải Vân (đoạn Đà Nẵng)

• Gành Nam Ô","Đà Nẵng, Hội An, Đông Giang"
117,Thành phố Đà Nẵng,Hoàng Sa,Cụm nhỏ,"Du lịch di sản chủ quyền biển đảo thiêng liêng, tìm hiểu lịch sử bảo vệ biển đảo và khám phá hệ sinh thái san hô hải đảo.","• Quần đảo Hoàng Sa (Đảo Hoàng Sa, Đảo Phú Lâm, Đảo Quang Hòa...)

• Nhà trưng bày Hoàng Sa",Kết nối đường thủy / đường hàng không với Đà Nẵng
118,Thành phố Đà Nẵng,Hội An,Cụm lớn,"Khám phá Di sản Văn hóa Thế giới phố cổ, trải nghiệm làng nghề di sản truyền thống, show diễn nghệ thuật quy mô và sinh thái sông nước - bãi biển.","• Phố cổ Hội An

• Chùa Cầu

• Nhà cổ Tấn Ký & Nhà cổ Phùng Hưng

• Hội quán Phúc Kiến & Hội quán Quảng Đông

• Làng gốm Thanh Hà

• Làng rau Trà Quế

• Làng mộc Kim Bồng

• Rừng dừa Bảy Mẫu (Cẩm Thanh)

• Bãi biển Cửa Đại

• Bãi biển An Bàng

• Chợ Hội An

• Công viên Văn hóa Ấn Tượng Hội An (Sân khấu Ký ức Hội An)

• VinWonders Nam Hội An","Đà Nẵng, Bà Nà, Mỹ Sơn, Tam Kỳ, Cù Lao Chàm (đường thủy)"
119,Thành phố Đà Nẵng,Cù Lao Chàm,Cụm nhỏ,"Thám hiểm Khu dự trữ sinh quyển thế giới quần đảo hoang sơ, lặn ngắm san hô, check-in di tích cổ Chăm Pa và thưởng thức hải sản đảo.","• Quần đảo Cù Lao Chàm (Hòn Lao, Hòn Dài, Hòn Mồ, Hòn Khô, Hòn Lá)

• Bãi Xếp & Bãi Chồng

• Bãi Hương & Bãi Bàng

• Chùa Hải Tạng

• Giếng cổ Chăm

• Khu bảo tồn biển Cù Lao Chàm

• Hải đăng Cù Lao Chàm",Kết nối đường thủy với Hội An
120,Thành phố Đà Nẵng,Mỹ Sơn,Cụm nhỏ,"Thám hiểm Di sản Văn hóa Thế giới quần thể tháp Chăm Pa cổ trong thung lũng, tìm hiểu lịch sử kiến trúc và làng dệt lụa truyền thống.","• Khu di sản văn hóa thế giới Thánh địa Mỹ Sơn

• Kinh thành Trà Kiệu

• Tháp Chăm Bằng An

• Làng ươm tơ dệt lụa Mã Châu

• Làng đúc đồng Phước Kều

• Dù Dù Mỹ Sơn","Hội An, Đà Nẵng, Tam Kỳ, Đông Giang"
121,Thành phố Đà Nẵng,Tam Kỳ,Cụm lớn,"Chiêm ngưỡng tượng đài di sản Mẹ Việt Nam, khám phá làng bích họa ven biển, du lịch sinh thái lòng hồ rộng lớn và làng cổ di sản.","• Thành phố Tam Kỳ

• Tượng đài Mẹ Việt Nam Anh hùng (Mẹ Thứ)

• Làng họa bích Tam Thanh

• Bãi biển Tam Thanh

• Khu du lịch sinh thái Hồ Phú Ninh

• Làng cổ Lộc Yên (Tiên Phước)

• Hang Dơi Tiên An

• Thác Ồ Ồ

• Địa đạo Kỳ Anh

• Bãi biển Rạng (Núi Thành)

• Sân bay Chu Lai","Hội An, Mỹ Sơn, Trà My, Quảng Ngãi"
122,Thành phố Đà Nẵng,Đông Giang,Cụm nhỏ,"Thám hiểm du lịch sinh thái vùng cao, cắm trại Cổng Trời núi rừng, trải nghiệm đồi chè ngút ngàn và văn hóa bản địa Cơ Tu.","• Khu du lịch sinh thái Cổng Trời Đông Giang

• Đồi chè Đông Giang

• Làng du lịch cộng đồng Bhờ Hồồng

• Làng Đơng Bốt

• Đỉnh Lợp (Tây Giang)

• Rừng Pơmu Tây Giang

• Thác Grăng (Nam Giang)

• Cửa khẩu Quốc tế Nam Giang","Bà Nà, Mỹ Sơn, Trà My, Kon Tum"
123,Thành phố Đà Nẵng,Trà My,Cụm nhỏ,"Thám hiểm vùng đất quốc bảo Sâm Ngọc Linh, trekking đại ngàn Tây Quảng Nam, khám phá đại thác nhiều tầng và văn hóa Ca Dong, Xơ Đăng.","• Vùng Sâm Ngọc Linh Nam Trà My

• Thác 5 Tầng Trà My

• Thủy điện Sông Tranh 2

• Nóc Tơ Dra

• Làng cổ Tak Pỏ

• Thác Nước 3 Tầng Tiên Phước","Tam Kỳ, Đông Giang, Ngọc Linh (Kon Tum), Ba Tơ (Quảng Ngãi)"
124,Thành phố Huế,Huế,Cụm lớn,"Thám hiểm quần thể di sản Cố đô, kiến trúc lăng tẩm hoàng gia, văn hóa ẩm thực Cung đình và du lịch sông Hương thơ mộng.","• Đại Nội Huế (Kinh thành Huế, Ngọ Môn, Điện Thái Hòa, Tử Cấm Thành)

• Lăng Minh Mạng

• Lăng Tự Đức

• Lăng Khải Định

• Lăng Gia Long

• Lăng Đồng Khánh

• Chùa Thiên Mụ

• Sông Hương & Cầu Tràng Tiền

• Chùa Từ Hiếu

• Điện Hòn Chén

• Cung An Định

• Đàn Nam Giao

• Chợ Đông Ba

• Làng hương Thủy Xuân

• Cầu ngói Thanh Toàn

• Công viên Hồ Thủy Tiên

• Núi Ngự Bình

• Bảo tàng Cổ vật Cung đình Huế","Tam Giang, Phong Điền, Lăng Cô, A Lưới, Đông Hà (Quảng Trị)"
125,Thành phố Huế,Lăng Cô,Cụm nhỏ,"Nghỉ dưỡng vịnh biển đẹp thế giới, thám hiểm Vườn quốc gia Bạch Mã, tắm suối rừng nguyên sinh và ngoạn cảnh đèo ven biển.","• Vịnh Lăng Cô

• Vườn quốc gia Bạch Mã (Hải Vọng Đài, Thác Đỗ Quyên, Ngũ Hồ)

• Đầm Lập An

• Bãi biển Cảnh Dương

• Bãi biển Bình An

• Suối Voi (Suối Mơ - Phú Lộc)

• Thiền viện Trúc Lâm Bạch Mã

• Đèo Hải Vân (đoạn Thừa Thiên Huế)

• Chân Mây

• Bãi biển Lộc Bình","Huế, Tam Giang, A Lưới, Đà Nẵng, Bà Nà (Đà Nẵng)"
126,Thành phố Huế,Tam Giang,Cụm nhỏ,"Khám phá hệ sinh thái đầm phá lớn nhất Đông Nam Á, chèo SUP ngắm hoàng hôn, thám hiểm rừng ngập mặn Rú Cha và bãi biển tự nhiên.","• Đầm Tam Giang

• Đầm Chuồn (Đầm Cầu Hai - Tam Giang)

• Rừng ngập mặn Rú Cha

• Bãi biển Thuận An

• Bãi biển Hải Dương

• Bãi biển Tân Mỹ

• Đầm Hà Trung

• Bãi biển Quảng Ngạn

• Làng chài Thái Dương Hạ

• Làng nghề đan đát Thủy Lập","Huế, Phong Điền, Lăng Cô"
127,Thành phố Huế,Phong Điền,Cụm nhỏ,"Trải nghiệm tắm khoáng nóng thư giãn, khám phá làng cổ di sản kiến trúc nhà rường và du lịch sinh thái sông Ô Lâu.","• Làng cổ Phước Tích

• Khu du lịch Suối khoáng nóng Alba Thanh Tân

• Bãi biển Điền Lộc

• Sông Ô Lâu

• Chiến khu Hòa Mỹ

• Làng nghề rèn Hiền Lương

• Làng đệm bàng Phước Yên","Huế, Tam Giang, A Lưới, Đông Hà (Quảng Trị)"
128,Thành phố Huế,A Lưới,Cụm nhỏ,"Thám hiểm đại ngàn Trường Sơn, tắm suối khoáng nóng núi rừng, tìm hiểu di tích chiến trường lịch sử và văn hóa bản địa Pa Cô, Tà Ôi.","• Thị trấn A Lưới

• Thác A Nôr

• Suối khoáng nóng A Roàng

• Đồi A Bia (Hamburger Hill)

• Đường Hồ Chí Minh qua A Lưới

• Đèo Pải Kơ

• Làng văn hóa các dân tộc A Lưới

• Thác Par Le

• Cửa khẩu A Đớt","Huế, Phong Điền, Lăng Cô, Đông Giang (Quảng Nam)"
129,Quảng Trị,Đồng Hới,Cụm lớn,"Du lịch biển đô thị, thưởng thức hải sản miền Trung, check-in đồi cát sa mạc và tham quan di tích lịch sử - kiến trúc cổ.","• Thành phố Đồng Hới

• Bãi biển Nhật Lệ

• Bãi biển Bảo Ninh

• Bãi biển Đá Nhảy

• Đồi cát Quang Phú

• Tượng đài Mẹ Suốt

• Quảng Bình Quan

• Phế tích Nhà thờ Tam Tòa

• Thành cổ Đồng Hới

• Hồ Phú Vinh

• Chợ Đồng Hới","Phong Nha, Vũng Chùa, Lệ Thủy"
130,Quảng Trị,Phong Nha,Cụm lớn,"Thám hiểm Di sản Thiên nhiên Thế giới vương quốc hang động, trekking rừng nguyên sinh, trải nghiệm sông ngầm và du lịch sinh thái mạo hiểm.","• Vườn quốc gia Phong Nha - Kẻ Bàng

• Hang Sơn Đoòng

• Động Phong Nha

• Động Tiên Sơn

• Động Thiên Đường

• Suối Nước Moọc

• Sông Chày - Hang Tối

• Hang Én

• Hang Va

• Hang Chà Lòi

• Công viên Ozo

• Hang Pygmy

• Thung lũng Bồng Lai (Bong Lai Valley)

• Đèo Da Dẽ","Đồng Hới, Vũng Chùa, Lệ Thủy, Khe Sanh (Quảng Trị)"
131,Quảng Trị,Vũng Chùa,Cụm nhỏ,"Hành hương tri ân lịch sử tâm linh, ngoạn cảnh đèo biển hùng vĩ, trải nghiệm làng chài bãi biển và giao thương chợ phiên.","• Vũng Chùa - Đảo Yến (Mộ Đại tướng Võ Nguyên Giáp)

• Đèo Ngang

• Hoành Sơn Quan

• Làng chài Cảnh Dương

• Bãi biển Cảnh Dương

• Chợ Ba Đồn

• Sông Gianh (đoạn Ba Đồn)

• Đèo Lý Hòa","Đồng Hới, Phong Nha, Hà Tĩnh"
132,Quảng Trị,Lệ Thủy,Cụm nhỏ,"Chiêm bái các ngôi chùa cổ tâm linh, tắm suối khoáng nóng phục hồi sức khỏe, thăm nhà lưu niệm danh nhân và dã ngoại hồ sinh thái.","• Nhà lưu niệm Đại tướng Võ Nguyên Giáp (Lệ Thủy)

• Suối khoáng nóng Bang

• Chùa Hoằng Phúc

• Núi Thần Đinh

• Hồ An Ma

• Bãi biển Ngư Thủy

• Bàu Sen Lệ Thủy","Đồng Hới, Phong Nha, Vĩnh Linh (Quảng Trị)"
133,Quảng Trị,Vĩnh Linh,Cụm nhỏ,"Thám hiểm di tích lịch sử DMZ vĩ tuyến 17, khám phá địa đạo dưới lòng đất, tắm biển lịch sử, vãn cảnh hải đăng và giếng cổ di sản.","• Đôi bờ Hiền Lương - Sông Bến Hải (Cầu Hiền Lương)

• Địa đạo Vịnh Mốc

• Bãi biển Cửa Tùng

• Hải đăng Mũi Lay

• Nghĩa trang Liệt sĩ Quốc gia Trường Sơn

• Quần thể Giếng cổ Gio An

• Bãi biển Cửa Việt","Đồng Hới (Quảng Bình), Lệ Thủy (Quảng Bình), Đông Hà, Khe Sanh"
134,Quảng Trị,Đông Hà,Cụm lớn,"Du lịch trung tâm đô thị lịch sử, thăm các di tích chiến trường xưa, nghĩa trang tri ân và trải nghiệm thương mại, ẩm thực địa phương.","• Thành phố Đông Hà

• Chợ Đông Hà

• Công viên Lê Duẩn

• Nghĩa trang Liệt sĩ Quốc gia Đường 9

• Cầu Đông Hà

• Bảo tàng Quảng Trị

• Di tích Chốt thép Thạch Hãn

• Nhà lưu niệm Tổng Bí thư Lê Duẩn (Triệu Phong)","Vĩnh Linh, La Vang, Khe Sanh, Phong Điền (Thừa Thiên Huế)"
135,Quảng Trị,La Vang,Cụm nhỏ,"Hành hương trung tâm tâm linh Công giáo lớn nhất Việt Nam, thăm di tích lịch sử Thành cổ huyền thoại và du lịch bãi biển hoang sơ.","• Trung tâm Hành hương Đức Mẹ La Vang

• Thành cổ Quảng Trị

• Sông Thạch Hãn

• Bãi biển Mỹ Thủy (Hải Lăng)

• Trăm Gian / Chợ Sãi

• Bãi biển Vinh Quang","Đông Hà, Khe Sanh, Phong Điền (Thừa Thiên Huế)"
136,Quảng Trị,Khe Sanh,Cụm nhỏ,"Khám phá di tích lịch sử căn cứ chiến trường Đường 9 - Khe Sanh, du lịch sinh thái đại ngàn, chinh phục đèo núi và giao thương cửa khẩu.","• Thị trấn Khe Sanh

• Sân bay Tà Cơn

• Căn cứ Làng Vây

• Cửa khẩu Quốc tế Lao Bảo

• Danh thắng Cầu Đakrông

• Thác Tà Puồng

• Đèo Sa Mút

• Đường Hồ Chí Minh qua Hướng Hóa","Vĩnh Linh, Đông Hà, La Vang, Phong Nha (Quảng Bình), A Lưới (Thừa Thiên Huế)"
137,Hà Tĩnh,Hà Tĩnh,Cụm lớn,"Du lịch đô thị trung tâm, thăm các công trình kiến trúc văn hóa, di tích tâm linh và thưởng thức ẩm thực đặc sản thành phố.","• Thành phố Hà Tĩnh

• Văn Miếu Hà Tĩnh

• Chợ Hà Tĩnh

• Núi Nài & Chùa Cảm Sơn

• Tượng đài Thành Sen

• Công viên Trần Phú

• Khu sinh thái Đồng Ta Lên

• Hồ Báo Quốc","Hồng Lĩnh, Thiên Cầm, Đồng Lộc"
138,Hà Tĩnh,Thiên Cầm,Cụm lớn,"Nghỉ dưỡng biển nước xanh cát trắng, khám phá hồ thủy lợi Kẻ Gỗ đại ngàn, thăm làng chài hải sản và di tích danh nhân.","• Bãi biển Thiên Cầm

• Hồ Kẻ Gỗ

• Bãi biển Thạch Hải

• Hải đăng Cửa Nhượng

• Làng chài & Chợ cá Cửa Nhượng

• Núi Thiên Cầm & Chùa Cầm Sơn

• Khu lưu niệm Cố Tổng Bí thư Hà Huy Tập

• Bãi biển Quỳnh Viên

• Khu du lịch sinh thái Quỳnh Viên

• Bãi biển Thạch Bằng","Hà Tĩnh, Kỳ Anh, Đồng Lộc, Vũ Quang"
139,Hà Tĩnh,Hồng Lĩnh,Cụm lớn,"Hành hương ""Hoan Châu đệ nhất danh thắng"" chùa núi, thăm di tích di sản thế giới Nguyễn Du, du lịch biển và đền chùa tâm linh.","• Quần thể danh thắng Núi Hồng Lĩnh

• Chùa Hương Tích (Hà Tĩnh)

• Khu di tích Quốc gia Đặc biệt Đại thi hào Nguyễn Du (Tiên Điền)

• Bãi biển Xuân Thành

• Đền Chợ Củi (Đền Quan Hoàng Mười Hà Tĩnh)

• Chùa Chân Tiên

• Sân golf Xuân Thành

• Cầu Bến Thủy (đoạn Hà Tĩnh)","Hà Tĩnh, Đồng Lộc, Hương Sơn"
140,Hà Tĩnh,Đồng Lộc,Cụm nhỏ,"Thăm di tích lịch sử quốc gia đặc biệt thanh niên xung phong, hành hương đền chùa cổ, du lịch hồ núi và cắm trại dã ngoại.","• Khu di tích Lịch sử Quốc gia Đặc biệt Ngã ba Đồng Lộc

• Đền Cả - Dinh đô Quan Hoàng Mười

• Hồ Bằng Sơn

• Chùa Hang (Đức Thọ)

• Khu lưu niệm Cố Tổng Bí thư Trần Phú (Đức Thọ)

• Làng đóng thuyền Trường Xuân

• Di tích Bến Tam Soa","Hà Tĩnh, Hồng Lĩnh, Thiên Cầm, Hương Sơn, Vũ Quang"
141,Hà Tĩnh,Hương Sơn,Cụm nhỏ,"Tắm khoáng nóng sinh thái đại ngàn, tìm hiểu di tích Đại danh y Hải Thượng Lãn Ông, du lịch đường 8A và giao thương cửa khẩu.","• Khu du lịch sinh thái Nước nóng Sơn Kim

• Cửa khẩu Quốc tế Cầu Treo

• Khu di tích Hải Thượng Lãn Ông Lê Hữu Trác (Mộ & Nhà lưu niệm)

• Chùa Nhiễu

• Sông Ngàn Phố

• Đường 8A qua Hương Sơn","Đồng Lộc, Vũ Quang, Hồng Lĩnh"
142,Hà Tĩnh,Vũ Quang,Cụm nhỏ,"Thám hiểm Vườn quốc gia đa dạng sinh học, du lịch lòng hồ Ngàn Trươi, săn mây đồi chè và di tích căn cứ Cần Vương.","• Vườn quốc gia Vũ Quang

• Hồ Ngàn Trươi

• Di tích Căn cứ Cần Vương Vũ Quang (Bè Tè)

• Đồi chè Hương Trà (Hương Khê)

• Thác Đập Trại

• Thác Vũ Quang

• Hồ Sông Rác (đoạn Hương Khê)

• Đường Hồ Chí Minh qua Hương Khê","Đồng Lộc, Hương Sơn, Thiên Cầm, Kỳ Anh, Phong Nha (Quảng Bình)"
143,Hà Tĩnh,Kỳ Anh,Cụm nhỏ,"Khám phá vũng biển cảng biển sầm uất, chiêm bái đền đèo linh thiêng, bãi biển hoang sơ và di tích đèo Hoành Sơn Quan.","• Cảng Quốc tế Vũng Áng

• Bãi biển Hoành Sơn

• Đền Chế thắng Phu nhân Nguyễn Thị Bích Châu (Đền Bà Chiêu)

• Hoành Sơn Quan (đoạn Hà Tĩnh)

• Mũi Đao

• Bãi biển Đèo Con

• Khu kinh tế Vũng Áng

• Bãi biển Kỳ Ninh

• Chùa Mới (Kỳ Anh)","Thiên Cầm, Vũ Quang, Vũng Chùa (Quảng Bình)"
144,Nghệ An,Vinh,Cụm lớn,"Du lịch đô thị trung tâm, thăm di tích lịch sử - tâm linh, ngoạn cảnh sông Lam núi Quyết và thưởng thức ẩm thực đặc sản xứ Nghệ.","• Thành phố Vinh

• Núi Quyết & Đền thờ Vua Quang Trung

• Quảng trường Hồ Chí Minh

• Thành cổ Vinh

• Chợ Vinh

• Chùa Cần Linh (Chùa Sư Nữ)

• Đền Hồng Sơn

• Lâm viên Núi Quyết

• Bờ sông Lam (TP. Vinh)

• Cầu Bến Thủy (đoạn Nghệ An)","Cửa Lò, Nam Đàn, Diễn Châu, Hồng Lĩnh (Hà Tĩnh)"
145,Nghệ An,Cửa Lò,Cụm lớn,"Nghỉ dưỡng biển đô thị sầm uất, thám hiểm đảo khơi xa, trải nghiệm cáp treo vượt biển và tổ hợp giải trí hiện đại.","• Bãi biển Cửa Lò

• Đảo Hòn Ngư (Song Ngư)

• Đảo Lan Châu

• Bãi biển Cửa Hội

• VinWonders Cửa Lò & Cáp treo Cửa Lò - Hòn Ngư

• Chợ hải sản Cửa Lò

• Đền Bút

• Chùa Lô Sơn (Chùa Sương)

• Làng chài Nghi Thủy","Vinh, Diễn Châu, Hồng Lĩnh (Hà Tĩnh)"
146,Nghệ An,Nam Đàn,Cụm nhỏ,"Hành hương Di tích Quốc gia Đặc biệt quê hương Bác Hồ, vãn cảnh thiền viện trên núi, di tích danh nhân và đồi chè đại ngàn.","• Khu di tích Quốc gia Đặc biệt Kim Liên (Quê Nội, Quê Ngoại Bác Hồ)

• Mộ bà Hoàng Thị Loan

• Chùa Đại Tuệ (Núi Động Nhan)

• Khu di tích Phan Bội Châu

• Đền Vua Mai Hắc Đế

• Đảo Chè Thanh Chương

• Đền Quả Sơn (Đô Lương)

• Đền Bạch Mã (Thanh Chương)

• Hồ Bàu Sen Nam Đàn","Vinh, Diễn Châu, Con Cuông, Hương Sơn (Hà Tĩnh)"
147,Nghệ An,Diễn Châu,Cụm lớn,"Khám phá tổ hợp vườn thú hoang dã safari lớn nhất Bắc Trung Bộ, chiêm bái đền miếu linh thiêng, bãi biển hoang sơ và thiền viện cổ.","• Khu du lịch sinh thái Mường Thanh Diễn Lâm (Safari Zoo, Công viên nước)

• Đền Cuông (Núi Mộ Dạ - Di tích An Dương Vương)

• Bãi biển Diễn Thành

• Bãi biển Cửa Hiền

• Chùa Gám (Yên Thành)

• Hồ Xuân Dương

• Lạch Vạn Diễn Châu","Vinh, Cửa Lò, Nam Đàn, Hoàng Mai, Nghĩa Đàn"
148,Nghệ An,Hoàng Mai,Cụm nhỏ,"Hành hương ngôi đền linh thiêng bậc nhất xứ Nghệ, trải nghiệm chuỗi bãi biển hoang sơ Biển Quỳnh, hồ thủy lợi và làng nghề truyền thống.","• Đền Cờn (Quỳnh Phương)

• Bãi biển Biển Quỳnh (Quỳnh Bảng, Quỳnh Phương, Quỳnh Nghĩa)

• Hồ Vực Mấu

• Hang Bua (Quỳnh Lưu)

• Làng muối Quỳnh Thuận

• Đền Cặp Tiên

• Chùa Mũi Bút","Diễn Châu, Nghĩa Đàn, Tĩnh Gia / Nghi Sơn (Thanh Hóa)"
149,Nghệ An,Nghĩa Đàn,Cụm lớn,"Check-in cánh đồng hoa hướng dương ngút ngàn, tham quan trang trại công nghệ cao, di chỉ khảo cổ thời đại đồ đồng và lâm viên sông Hiếu.","• Cánh đồng hoa hướng dương TH

• Trang trại bò sữa TH True Milk

• Di chỉ khảo cổ Quốc gia Làng Vạc (Thái Hòa)

• Lâm viên Sông Hiếu (Thái Hòa)

• Trại ổi Nghĩa Đàn

• Hồ Sông Sào

• Thác Hồ Than","Diễn Châu, Hoàng Mai, Quỳ Châu, Nam Đàn"
150,Nghệ An,Quỳ Châu,Cụm nhỏ,"Thám hiểm hệ thống đại thác nước nhiều tầng giữa núi rừng, khám phá hang động kỳ thú và văn hóa thổ cẩm dân tộc Thái.","• Danh thắng Hang Bua

• Thác Sao Va (Quế Phong)

• Thác Bảy Tầng (Quế Phong)

• Bảo tàng Văn hóa các dân tộc Quỳ Châu

• Làng dệt thổ cẩm Hoa Tiến

• Thác Tạt Tố

• Hồ Thủy điện Hứa Na","Nghĩa Đàn, Con Cuông, Kỳ Sơn, Như Xuân (Thanh Hóa)"
151,Nghệ An,Con Cuông,Cụm nhỏ,"Thám hiểm Vườn quốc gia đa dạng sinh học thế giới, chèo thuyền sông Giăng, tắm thác nguyên sinh Khe Kèm và du lịch cộng đồng bản làng.","• Vườn quốc gia Pù Mát

• Thác Khe Kèm

• Sông Giăng & Đập Phà Lài

• Làng du lịch cộng đồng Bản Nưa / Bản Cầm

• Khe Nước Mọc

• Rừng nguyên sinh Săng Lẻ

• Thác Chăng","Nam Đàn, Nghĩa Đàn, Quỳ Châu, Kỳ Sơn"
152,Nghệ An,Kỳ Sơn,Cụm nhỏ,"Săn mây ""cổng trời"" Mường Lống, chinh phục đỉnh núi cao nhất Bắc Trung Bộ, giao thương chợ phiên biên giới và thám hiểm đại ngàn Pơmu.","• Làng cổng trời Mường Lống (""Sapa của Nghệ An"")

• Đỉnh núi Pu Xai Lai Leng

• Cửa khẩu Quốc tế Nậm Cắn

• Chợ phiên Nậm Cắn

• Rừng Pơmu Tây Nghệ An

• Thủy điện Bản Vẽ (Tương Dương)

• Đền Lệ Mật (Tương Dương)","Con Cuông, Quỳ Châu"
153,Thanh Hóa,Thanh Hóa,Cụm lớn,"Du lịch đô thị trung tâm, khám phá di sản văn hóa sông Mã, núi Hàm Rồng huyền thoại và di chỉ khảo cổ Đông Sơn.","• Thành phố Thanh Hóa

• Cầu Hàm Rồng & Núi Hàm Rồng

• Thiền viện Trúc Lâm Hàm Rồng

• Làng cổ Đông Sơn & Di chỉ khảo cổ Đông Sơn

• Núi Nhồi (Hòn Vọng Phu)

• Quảng trường Lam Sơn

• Bảo tàng Thanh Hóa

• Công viên Hội An

• Chợ Tây Thành

• Đền Đồng Cổ (Yên Định)","Sầm Sơn, Hải Tiến, Lam Kinh, Cẩm Thủy, Bến En"
154,Thanh Hóa,Sầm Sơn,Cụm lớn,"Nghỉ dưỡng biển đô thị sầm uất, tổ hợp giải trí công viên nước hiện đại, di tích danh thắng ven biển và ẩm thực hải sản.","• Bãi biển Sầm Sơn

• Hòn Trống Mái

• Đền Độc Cước

• Đền Cô Tiên

• Đền Tô Hiến Thành (Sầm Sơn)

• Sun World Sầm Sơn

• FLC Lux Resort Sầm Sơn

• Bãi biển Quảng Nương (Quảng Xương)

• Chợ hải sản Sầm Sơn

• Nhà thờ Giáo xứ Sầm Sơn","Thanh Hóa, Hải Tiến, Nghi Sơn"
155,Thanh Hóa,Hải Tiến,Cụm nhỏ,"Nghỉ dưỡng biển sinh thái yên bình, nhảy dù lượn trên núi Linh Trường, vãn cảnh chùa ven biển và trải nghiệm làng chài.","• Bãi biển Hải Tiến

• Bãi biển Hoằng Trường

• Núi Linh Trường & Điểm bay dù lượn Linh Trường

• Chùa Bụt (Hoằng Hóa)

• Tượng đài Lão phụ nữ lão quân Hoằng Hóa

• Bãi đá Hòn Bò

• Cảng cá Hối Tào

• Đền thờ Bảy Bằng","Thanh Hóa, Sầm Sơn, Nga Sơn"
156,Thanh Hóa,Nghi Sơn,Cụm nhỏ,"Khám phá bãi biển hoang sơ, du lịch biển đảo ven bờ, chợ cá truyền thống sầm uất và di tích lịch sử vũng biển.","• Bãi biển Hải Hòa

• Bãi biển Bãi Đông (Đảo Nghi Sơn)

• Đảo Hòn Mê

• Đảo Hòn Bung

• Chợ cá Hải Thanh

• Đền Quang Trung (Nghi Sơn)

• Bãi biển Quảng Lợi

• Khu kinh tế Nghi Sơn

• Giếng Tiên Nghi Sơn","Sầm Sơn, Thanh Hóa, Bến En, Hoàng Mai (Nghệ An)"
157,Thanh Hóa,Pù Luông,Cụm nhỏ,"Thám hiểm sinh thái khu bảo tồn thiên nhiên, ngắm ruộng bậc thang kỳ vĩ, tắm thác nguyên sinh và du lịch cộng đồng bản làng.","• Khu bảo tồn thiên nhiên Pù Luông

• Bản Đôn

• Bản Hiêu

• Thác Hiêu

• Bản Kho Mường & Hang Kho Mường

• Đỉnh Pù Luông

• Chợ phiên Phố Đoàn

• Quần thể bản Son - Lặn - Cao (Bá Thước)

• Thác Mu (đoạn giáp ranh Bá Thước)","Cẩm Thủy, Lam Kinh, Mai Châu (Hòa Bình)"
158,Thanh Hóa,Cẩm Thủy,Cụm nhỏ,"Chiêm ngưỡng hiện tượng thiên nhiên kỳ thú Suối Cá Thần, thám hiểm hang động karst và du lịch văn hóa - sinh thái sông Mã.","• Suối Cá Thần Cẩm Lương

• Suối Cá Thần Văn Phong

• Danh thắng Chùa Tiên (Cẩm Thủy)

• Động Cây Đăng

• Sông Mã (đoạn Cẩm Thủy)

• Làng dệt thổ cẩm Cẩm Thủy

• Động Cây Tiên","Pù Luông, Lam Kinh, Thanh Hóa, Nga Sơn"
159,Thanh Hóa,Lam Kinh,Cụm nhỏ,"Hành hương Di tích Quốc gia Đặc biệt cội nguồn nhà Lê, khám phá kiến trúc lăng tẩm điện miếu và du lịch di sản lịch sử.","• Khu di tích Quốc gia Đặc biệt Lam Kinh (Thọ Xuân)

• Mộc Lăng

• Đền Lê Lai (Đền Tép - Ngọc Lặc)

• Cảng hàng không Thọ Xuân

• Di tích Bàn Đĩa

• Chùa Thượng Thọ

• Hang Bói

• Đền thờ Lê Hoàn (Thọ Xuân)","Thanh Hóa, Cẩm Thủy, Pù Luông, Bến En"
160,Thanh Hóa,Bến En,Cụm nhỏ,"Thám hiểm ""Hạ Long trên núi"" Vườn quốc gia, chèo thuyền du ngoạn lòng hồ Sông Mực và khám phá đại thác - hang động nguyên sinh.","• Vườn quốc gia Bến En (Như Thanh - Như Xuân)

• Hồ Sông Mực

• Động Ngọc

• Hang Lỗ Môn

• Đền Phủ Mật

• Thác Bảy Tầng (Như Xuân)

• Khu sinh thái Phố Bói","Thanh Hóa, Lam Kinh, Nghi Sơn, Quỳ Châu (Nghệ An)"
161,Thanh Hóa,Nga Sơn,Cụm nhỏ,"Thám hiểm hang động huyền thoại Tiên nữ Từ Thức, thăm di tích tích cổ tích Mai An Tiêm, làng nghề chiếu dệt truyền thống và căn cứ lịch sử.","• Động Từ Thức

• Di tích Đền thờ Mai An Tiêm

• Làng nghề chiếu dệt Nga Sơn

• Di tích Chiến khu Ba Đình

• Chùa Tiên (Nga Sơn)

• Bãi biển Nga Thủy","Hải Tiến, Cẩm Thủy, Tam Điệp / Kim Sơn (Ninh Bình)"
162,Ninh Bình,Ninh Bình,Cụm lớn,"Thám hiểm Quần thể Di sản Thế giới Tràng An, đi thuyền Tam Cốc - Bích Động, check-in Hang Múa, thăm Cố đô Hoa Lư và chiêm bái siêu chùa Bái Đính.","• Quần thể danh thắng Tràng An

• Tam Cốc - Bích Động

• Hang Múa

• Cố đô Hoa Lư

• Chùa Bái Đính

• Phố cổ Hoa Lư

• Động Am Tiên (Tuyệt Tình Cốc)

• Chùa Bích Động

• Đền Thái Vi

• Khu du lịch sinh thái Thung Nham (Vườn chim Thung Nham)

• Hồ Đồng Thái

• Núi Kỳ Lân

• Công viên khủng long Ninh Bình","Vân Long, Cúc Phương, Kim Sơn, Phủ Dầy (Nam Định), Tam Chúc (Hà Nam)"
163,Ninh Bình,Vân Long,Cụm nhỏ,"Đi thuyền thám hiểm Khu bảo tồn thiên nhiên Đầm Vân Long, tắm suối khoáng nóng thiên nhiên và vãn cảnh ""Nam thiên đệ tam động"".","• Khu bảo tồn thiên nhiên Đầm Vân Long

• Suối nước nóng Kênh Gà

• Chùa Địch Lộng & Động Địch Lộng

• Động Vân Trình

• Đầm Kênh Gà

• Chùa Nhất Trụ","Ninh Bình, Cúc Phương, Tam Chúc (Hà Nam), Phủ Lý (Hà Nam)"
164,Ninh Bình,Cúc Phương,Cụm nhỏ,"Trekking xuyên Vườn quốc gia lâu đời nhất Việt Nam, thăm động tiền sử, ngắm bướm mùa xuân và dã ngoại hồ núi hoang sơ.","• Vườn quốc gia Cúc Phương (Động Người Xưa, Cây chò ngàn năm, Trung tâm cứu hộ bảo tồn linh trưởng)

• Hồ Đồng Chương

• Động Sương Lâm

• Phủ Lối","Ninh Bình, Vân Long, Pù Luông (Thanh Hóa)"
165,Ninh Bình,Kim Sơn,Cụm nhỏ,"Chiêm ngưỡng kiệt tác kiến trúc Nhà thờ đá Phát Diệm, khám phá đầm sinh thái bãi bồi ven biển và làng nghề dệt chiếu truyền thống.","• Nhà thờ đá Phát Diệm

• Cồn Nổi Kim Sơn

• Khu bảo tồn thiên nhiên ngập mặn Kim Sơn

• Chợ Đồng Hướng

• Làng nghề chiếu Kim Sơn

• Đền thờ Nguyễn Công Trứ","Ninh Bình, Xuân Thủy (Nam Định), Nga Sơn (Thanh Hóa)"
166,Ninh Bình,Tam Chúc,Cụm nhỏ,"Hành hương ngôi chùa trên hồ lớn nhất thế giới, viếng chùa Địa Tạng Phi Lai thanh tịnh, thăm động miếu và làng gốm di sản.","• Quần thể danh thắng Tam Chúc (Chùa Tam Chúc, Hồ Tam Chúc)

• Chùa Địa Tạng Phi Lai (Thanh Liêm)

• Chùa Bà Đanh

• Ngũ Động Thi Sơn & Đền Trúc

• Chùa Phật Quang (Thanh Liêm)

• Làng gốm Quyết Thành

• Động Luộc Bồ","Phủ Lý, Vân Long (Ninh Bình), Hương Sơn (Hà Nội)"
167,Ninh Bình,Phủ Lý,Cụm lớn,"Du lịch tâm linh đền di sản, thưởng thức ẩm thực văn học làng Vũ Đại, khám phá làng nghề dệt lụa và kiến trúc đô thị bờ sông.","• Thành phố Phủ Lý

• Đền Trần Thương (Lý Nhân)

• Làng Vũ Đại (Làng Đại Hoàng - Nhà Bá Kiến, Cá kho Đội Hòa)

• Làng dệt lụa Nha Xá

• Chùa Bầu

• Chùa Lăng (Đền Lăng)

• Sông Đáy (đoạn Phủ Lý)

• Chợ Bầu

• Làng thêu Mơ Mập","Tam Chúc, Ninh Bình, Nam Định, Phủ Dầy (Nam Định)"
168,Ninh Bình,Nam Định,Cụm lớn,"Thăm Di tích Quốc gia Đặc biệt cội nguồn nhà Trần, kiến trúc chùa tháp cổ, làng hoa cây cảnh di sản và văn hóa ẩm thực Thành Nam.","• Thành phố Nam Định

• Khu di tích Lịch sử Đền Trần - Chùa Phổ Minh (Chùa Tháp)

• Chùa Cổ Lễ

• Làng hoa Vị Khê

• Bảo tàng Nam Định

• Làng nghề đúc đồng Cổ Chất

• Cầu Ngói Chợ Lương & Chùa Lương (Hải Hậu)

• Hồ Vị Xuyên

• Chợ Rồng Nam Định","Phủ Dầy, Xuân Thủy, Phủ Lý (Hà Nam), Thái Bình"
169,Ninh Bình,Phủ Dầy,Cụm nhỏ,"Trải nghiệm Di sản Văn hóa Thực hành Tín ngưỡng Thờ Mẫu Tam phủ, trẩy hội Chợ Viềng cầu may và du lịch sinh thái núi đồi.","• Quần thể di tích Phủ Dầy (Phủ Chính, Phủ Vân Cát)

• Chợ Viềng Phủ (Vụ Bản)

• Núi Gội

• Khu du lịch sinh thái Núi Ngăm

• Chùa Vọng Cung (Vụ Bản)

• Đền Linh Mụ","Nam Định, Phủ Lý (Hà Nam), Ninh Bình"
170,Ninh Bình,Xuân Thủy,Cụm nhỏ,"Thám hiểm Khu dự trữ sinh quyển thế giới Ramsar ngập mặn, check-in chuỗi nhà thờ kiến trúc Gothic kỳ vĩ và tắm biển dã ngoại.","• Vườn quốc gia Xuân Thủy

• Nhà thờ Giáo xứ Hưng Nghĩa

• Nhà thờ đổ Văn Lý (Hải Hậu)

• Bãi biển Quất Lâm

• Bãi biển Thịnh Long

• Tòa giám mục Bùi Chu

• Hải đăng Ba Tạt

• Nhà thờ Trung Linh","Nam Định, Kim Sơn (Ninh Bình), Thái Bình"
171,Hưng Yên,Thái Bình,Cụm lớn,"Du lịch đô thị trung tâm, vãn cảnh di tích Quốc gia Đặc biệt chùa cổ, trải nghiệm làng sinh thái miệt vườn và làng nghề truyền thống.","• Thành phố Thái Bình

• Chùa Keo (Vũ Thư - Di tích Quốc gia Đặc biệt)

• Làng vườn sinh thái Bách Thuận

• Làng nghề chạm bạc Đồng Xâm (Kiến Xương)

• Làng dệt chiếu Hới (Tân Lễ)

• Bảo tàng Thái Bình

• Công viên Kỳ Bá

• Chợ Bo

• Chùa Am (Thái Bình)","Đồng Bằng, Cồn Đen, Đồng Châu, Nam Định, Phủ Dầy (Nam Định)"
172,Hưng Yên,Đồng Bằng,Cụm nhỏ,"Hành hương di tích tâm linh Đức Vua Cha Bát Hải, lễ hội truyền thống đặc sắc và tham quan các ngôi đền cổ.","• Quần thể di tích Đền Đồng Bằng (Quỳnh Phụ)

• Đền Lăng (Quỳnh Phụ)

• Đền A Sào (Quỳnh Phụ - Di tích Tế Xá Trần Hưng Đạo)

• Đền Cung Vũ (Quỳnh Phụ)

• Chùa Lăng Vũ","Thái Bình, Cồn Đen, Phố Hiến (Hưng Yên), Hải Dương"
173,Hưng Yên,Cồn Đen,Cụm nhỏ,"Săn ảnh ""bãi biển vô cực"" độc đáo, thám hiểm rừng ngập mặn sinh thái Ramsar ven biển và tắm biển dã ngoại.","• Bãi biển vô cực Thụy Xuân / Thụy Trường

• Khu du lịch sinh thái Cồn Đen

• Rừng ngập mặn Thụy Trường

• Đền Het (Thái Thụy)

• Bãi biển Diêm Điền

• Cảng cá Diêm Điền","Thái Bình, Đồng Bằng, Đồng Châu, Xuân Thủy (Nam Định), Hải Phòng"
174,Hưng Yên,Đồng Châu,Cụm nhỏ,"Khám phá bãi bồi đồng ngao ven biển, du lịch sinh thái Cồn Vành, ngắm bình minh trên biển và thăm khu bảo tồn thiên nhiên.","• Bãi biển Đồng Châu

• Khu du lịch sinh thái Cồn Vành

• Khu bảo tồn thiên nhiên Đất ngập nước Tiền Hải

• Hải đăng Ba Lát (đoạn Thái Bình)

• Bãi biển Cồn Thủ

• Đền Đồng Xâm (Tiền Hải)","Thái Bình, Cồn Đen, Xuân Thủy (Nam Định)"
175,Hưng Yên,Phố Hiến,Cụm lớn,"Khám phá quần thể di sản thương cảng Phố Hiến ""Thứ nhất Kinh Kỳ, thứ nhì Phố Hiến"", vãn cảnh chùa cổ tâm linh và thưởng thức đặc sản nhãn lồng.","• Quần thể di tích Quốc gia Đặc biệt Phố Hiến (Chùa Chuông, Đền Mẫu Hưng Yên, Văn Miếu Xích Đằng, Chùa Hiến & Cây nhãn tổ, Đền Trần Hưng Yên, Đền Nam Hòa, Hồ Bán Nguyệt)

• Thành cổ Hưng Yên

• Chợ Càng

• Chùa Phố (Hưng Yên)

• Chùa Cả Hưng Yên","Chử Đồng Tử, Làng Nôm, Phủ Lý (Hà Nam), Nam Định, Đồng Bằng (Thái Bình)"
176,Hưng Yên,Chử Đồng Tử,Cụm nhỏ,"Hành hương cụm đền thờ Chử Đồng Tử - Tiên Dung, thưởng thức đặc sản gà Đông Tảo và ngoạn cảnh bãi bồi sông Hồng.","• Đền Đa Hòa (Khoái Châu)

• Đền Dạ Trạch (Khoái Châu)

• Làng gà Đông Tảo (Khoái Châu)

• Cây nhãn cổ Kim Động

• Bãi bồi sông Hồng Khoái Châu

• Chợ Cảnh Anh (Khoái Châu)","Phố Hiến, Văn Giang, Làng Nôm, Phủ Lý (Hà Nam), Hà Nội"
177,Hưng Yên,Văn Giang,Cụm lớn,"Thám hiểm tổ hợp giải trí - đô thị nghỉ dưỡng sinh thái hiện đại, mua sắm ẩm thực quốc tế và tham quan làng hoa cây cảnh.","• Grand World / Ocean City (Ocean Park 2 & 3)

• Khu đô thị sinh thái Ecopark

• Làng hoa cây cảnh Phụng Công

• Làng gốm Xuân Quan

• Chợ gốm Xuân Quan

• Chùa Lộc Triều","Chử Đồng Tử, Làng Nôm, Hà Nội, Bắc Ninh"
178,Hưng Yên,Làng Nôm,Cụm nhỏ,"Thăm làng cổ kiến trúc gạch đồng nổi tiếng Bắc Bộ, vãn cảnh cầu đá cổ - chùa cổ di sản và thưởng thức đặc sản tương Bần truyền thống.","• Quần thể Làng cổ Nôm (Chùa Nôm, Cầu đá cổ Làng Nôm, Đình Làng Nôm, Cổng làng Nôm - Văn Lâm)

• Làng nghề tương Bần (Yên Nhân - Mỹ Hào)

• Di tích Chùa Thái Lạc (Văn Lâm)

• Làng đúc đồng Lại Yên (Mỹ Hào)

• Chùa Cổ Am (Mỹ Hào)","Phố Hiến, Chử Đồng Tử, Văn Giang, Bắc Ninh, Hải Dương"
179,Thành phố Hải Phòng,Hải Dương,Cụm lớn,"Du lịch đô thị di sản, tìm hiểu làng nghề gốm sứ cổ truyền, thưởng thức đặc sản bánh đậu xanh, vải thiều và tham quan các cụm danh thắng đồng bằng.","• Thành phố Hải Dương

• Làng gốm Chu Đậu (Nam Sách)

• Khu du lịch sinh thái Đảo Cò Chi Lăng Nam (Thanh Miện)

• Vườn vải thiều Thanh Hà

• Phường rối nước Thanh Hải (Thanh Hà)

• Chùa Giám (Cẩm Giàng)

• Đền Xưa (Cẩm Giàng)

• Đền Tranh (Ninh Giang)

• Chùa Muống (Kim Thành)

• Chợ Rồng Hải Dương

• Công viên Bạch Đằng (TP. Hải Dương)","Côn Sơn, Kinh Môn, Phố Hiến (Hưng Yên), Làng Nôm (Hưng Yên), Đồng Bằng (Thái Bình), Hải Phòng"
180,Thành phố Hải Phòng,Côn Sơn,Cụm nhỏ,"Hành hương Di tích Quốc gia Đặc biệt danh nhân văn hóa, thám hiểm núi rừng thông rợp bóng, suối ngàn và kiến trúc đền chùa di sản.","• Quần thể di tích Côn Sơn - Kiếp Bạc (Chùa Côn Sơn, Đền Kiếp Bạc, Giếng Ngọc, Bàn Cờ Tiên, Suối Côn Sơn)

• Chùa Thanh Mai

• Quần thể Đền Cao Chí Linh

• Đền thờ Thầy giáo Chu Văn An (Núi Phượng Hoàng)

• Đền thờ Mạc Đĩnh Chi

• Sân golf Chí Linh

• Chùa Nhạn","Hải Dương, Kinh Môn, Đông Triều / Uông Bí (Quảng Ninh)"
181,Thành phố Hải Phòng,Kinh Môn,Cụm nhỏ,"Khám phá quần thể danh thắng núi đá vôi uốn lượn, thám hiểm hang động cổ sinh di chỉ khảo cổ, viếng đền đài di sản và chùa cổ trên núi.","• Quần thể di tích Quốc gia Đặc biệt An Phụ - Kính Chủ - Nhẫm Dương

• Đền Cao An Phụ

• Động Kính Chủ (""Nam thiên đệ lục động"")

• Chùa Nhẫm Dương (Di chỉ khảo cổ người cổ đại)

• Đền Nhẫm Dương

• Thác Bất Thượng

• Thác Mơ Kinh Môn","Hải Dương, Côn Sơn, Bạch Đằng (Hải Phòng), Uông Bí (Quảng Ninh)"
182,Thành phố Hải Phòng,Hải Phòng,Cụm lớn,"Du lịch đô thị biển hoa phượng đỏ, thưởng thức Food Tour Hải Phòng nổi tiếng, di tích lịch sử kiến trúc Pháp và vãn cảnh núi đồi.","• Thành phố Hải Phòng

• Nhà hát lớn Hải Phòng

• Ga Hải Phòng

• Bưu điện trung tâm Hải Phòng

• Hồ Tam Bạc & Phố đi bộ Thế Lực

• Chợ Sắt

• Chợ Cột Đèn

• Chợ Hàng

• Đền Nghè (Thờ Nữ tướng Lê Chân)

• Chùa Hàng (Dư Hàng Tự)

• Cầu Hoàng Văn Thụ

• Cầu Bính

• Khu du lịch Đồi Thiên Văn (Kiến An)

• Danh thắng Núi Voi (An Lão)","Đồ Sơn, Bạch Đằng, Cát Bà, Hải Dương, Cồn Đen (Thái Bình)"
183,Thành phố Hải Phòng,Đồ Sơn,Cụm lớn,"Nghỉ dưỡng biển đô thị lâu đời, khám phá quần thể đảo ngọc tâm linh, di tích đường Hồ Chí Minh trên biển và tổ hợp giải trí biển quy mô.","• Bãi biển Đồ Sơn (Khu 1, 2, 3)

• Biệt thự Bảo Đại (Đồ Sơn)

• Khu du lịch Quốc tế Đồi Rồng (Dragon Ocean Đồ Sơn)

• Đảo Hòn Dấu & Hải đăng Hòn Dấu

• Đền Bà Dấu

• Bến K15 (Bến tàu Không số khởi nguồn Đường Hồ Chí Minh trên biển)

• Tháp Tường Long

• Chùa Hang Đồ Sơn

• Casino Đồ Sơn","Hải Phòng, Cát Bà (kết nối đường thủy), Cồn Đen (Thái Bình)"
184,Thành phố Hải Phòng,Cát Bà,Cụm nhỏ,"Thám hiểm Khu dự trữ sinh quyển thế giới đảo ngọc, du ngoạn Vịnh Lan Hạ kiệt tác thiên nhiên, chèo thuyền Kayak, trekking rừng quốc gia và tắm bãi biển hoang sơ.","• Quần đảo Cát Bà

• Vườn quốc gia Cát Bà

• Vịnh Lan Hạ

• Đảo Khỉ (Hòn Cát Dứa)

• Bãi tắm Cát Cò 1, 2, 3

• Bãi tắm Tùng Thu

• Hang Trung Trang

• Hang Quân Y

• Pháo đài Thần công Cát Bà

• Làng cổ Việt Hải

• Hang Sáng - Hang Tối","Hải Phòng (đường thủy / cáp treo), Đồ Sơn, Hạ Long (Quảng Ninh)"
185,Thành phố Hải Phòng,Bạch Đằng,Cụm nhỏ,"Trải nghiệm Di tích Quốc gia Đặc biệt chiến công sông Bạch Đằng, thám hiểm hồ đá vôi xanh ngắt và vãn cảnh các ngôi chùa cổ di sản.","• Khu di tích Quốc gia Đặc biệt Bãi cọc Bạch Đằng Giang (Tràng Kênh - Thủy Nguyên)

• Tuyệt Tình Cốc Hải Phòng (Hồ Yếm Đầm)

• Danh thắng Núi Sơn Đào

• Khu du lịch sinh thái Hồ Sông Giá

• Chùa Mỹ Cụ

• Chùa Vẽ (Thủy Nguyên)

• Đền Tràng Kênh

• Chùa Cao Linh (An Dương)","Hải Phòng, Kinh Môn (Hải Dương), Hạ Long (Quảng Ninh)"
186,Thành phố Hải Phòng,Bạch Long Vĩ,Cụm nhỏ,"Thám hiểm đảo tiền tiêu xa bờ cực Đông Bắc của Vịnh Bắc Bộ, ngắm ngọn hải đăng khơi xa, trải nghiệm cuộc sống ngư dân và lặn biển.","• Đảo Bạch Long Vĩ

• Hải đăng Bạch Long Vĩ

• Chùa Bạch Long Vĩ

• Làng chài Bạch Long Vĩ

• Âu cảng Bạch Long Vĩ",Kết nối qua đường thủy với Hải Phòng và Đồ Sơn
187,Thành phố Hà Nội,Hà Nội,Cụm lớn,"Trải nghiệm văn hóa di sản nghìn năm văn hiến, khám phá kiến trúc Phố Cổ - Pháp cổ, thưởng thức ẩm thực Hà Thành và trung tâm giải trí đô thị sầm uất.","• Hồ Hoàn Kiếm & Đền Ngọc Sơn

• Phố cổ Hà Nội & Chợ Đồng Xuân

• Hoàng thành Thăng Long

• Lăng Chủ tịch Hồ Chí Minh & Bảo tàng Hồ Chí Minh

• Văn Miếu - Quốc Tử Giám

• Chùa Một Cột

• Hồ Tây, Chùa Trấn Quốc & Phủ Tây Hồ

• Nhà hát Lớn Hà Nội

• Di tích Nhà tù Hỏa Lò

• Cầu Long Biên

• Bảo tàng Dân tộc học Việt Nam

• Bảo tàng Hà Nội

• Làng gốm Bát Tràng (Gia Lâm)

• Làng lụa Vạn Phúc (Hà Đông)

• Công viên Yên Sở & Công viên Thống Nhất

• Nhà thờ Lớn Hà Nội","Sóc Sơn, Chùa Thầy, Hương Sơn, Bắc Ninh, Văn Giang (Hưng Yên)"
188,Thành phố Hà Nội,Ba Vì,Cụm nhỏ,"Nghỉ dưỡng sinh thái núi cao, dã ngoại đồi thông, thám hiểm Vườn quốc gia nguyên sinh và khu du lịch suối thác giải trí.","• Vườn quốc gia Ba Vì (Đỉnh Tản Viên, Đền Thượng, Đền Bác Hồ, Tháp Báo Thiên, Nhà thờ đổ Ba Vì)

• Khu du lịch Ao Vua

• Khu du lịch Khoang Xanh - Suối Tiên

• Khu du lịch Thiên Sơn - Suối Ngà

• Di tích Lịch sử K9 Đá Chông

• Khu du lịch Bản Xôi

• Resort Melia Ba Vi Mountain Retreat

• Suối khoáng nóng Tản Đà","Sơn Tây, Chùa Thầy, Lương Sơn (Hòa Bình), Việt Trì (Phú Thọ)"
189,Thành phố Hà Nội,Sơn Tây,Cụm lớn,"Thăm làng cổ di sản kiến trúc nhà đá ong, di tích lịch sử quân sự cổ, trải nghiệm không gian văn hóa 54 dân tộc và lòng hồ sinh thái.","• Làng cổ Đường Lâm (Nhà cổ, Cổng làng Mông Phụ, Đền thờ Phùng Hưng, Ngô Quyền)

• Thành cổ Sơn Tây

• Đền Va (Thờ Tản Viên Sơn Thánh)

• Làng Văn hóa - Du lịch các Dân tộc Việt Nam (Đồng Mô)

• Hồ Đồng Mô

• Hồ Suối Hải

• Làng nghề thợ mộc Chàng Sơn","Ba Vì, Chùa Thầy, Việt Trì (Phú Thọ), Vĩnh Yên (Vĩnh Phúc)"
190,Thành phố Hà Nội,Chùa Thầy,Cụm nhỏ,"Hành hương chiêm bái di tích chùa cổ đặc biệt, du lịch tâm linh hang núi đá vôi, công viên biển nhân tạo và làng nghề truyền thống.","• Quần thể danh thắng Chùa Thầy (Núi Sài Sơn - Quốc Oai)

• Chùa Tây Phương (Thạch Thất)

• Chùa Trầm & Động Long Clâu (Chương Mỹ)

• Chùa Trăm Gian (Chương Mỹ)

• Tổ hợp giải trí Baara Land (Tuần Châu Hà Nội)

• Làng nghề mây tre đan Phú Vinh (Chương Mỹ)

• Làng nghề quạt giấy Chàng Sơn (Thạch Thất)","Hà Nội, Ba Vì, Sơn Tây, Hương Sơn, Lương Sơn (Hòa Bình)"
191,Thành phố Hà Nội,Sóc Sơn,Cụm nhỏ,"Du lịch tâm linh quần thể Đền Gióng di sản, trekking cắm trại đồi thông, ngoạn cảnh lòng hồ hoang sơ và di tích Cổ Loa.","• Quần thể di tích Đền Sóc / Đền Gióng (Chùa Non Nước, Tượng đài Thánh Gióng)

• Việt Phủ Thành Chương

• Núi Hàm Lợn

• Hồ Đồng Quan & Hồ Chèo Kẻo

• Khu du lịch sinh thái Bản Rôm

• Di tích Quốc gia Đặc biệt Cổ Loa (Đông Anh)

• Đền Hai Bà Trưng (Mê Linh)

• Đền Sái (Đông Anh)

• Sân bay Quốc tế Nội Bài","Hà Nội, Sơn Tây, Phúc Yên (Vĩnh Phúc), Thái Nguyên, Bắc Ninh"
192,Thành phố Hà Nội,Hương Sơn,Cụm nhỏ,"Trải nghiệm lễ hội du lịch tâm linh danh thắng Chùa Hương, chèo thuyền Suối Yến, vãn cảnh chùa cổ di sản và làng nghề nón lá.","• Quần thể danh thắng Chùa Hương (Suối Yến, Bến Đức, Đền Trình, Chùa Thiên Trù, Động Hương Tích, Chùa Giải Oan)

• Chùa Đậu (Thường Tín)

• Chùa Bối Khê (Thanh Oai)

• Làng nón Chuông (Thanh Oai)

• Làng nghề thêu Quất Động (Thường Tín)

• Vịt cỏ Vân Đình (Ứng Hòa)

• Làng khảm trai Chuyên Mỹ (Phú Xuyên)","Hà Nội, Chùa Thầy, Tam Chúc (Hà Nam), Phủ Lý (Hà Nam), Lương Sơn (Hòa Bình)"
193,Quảng Ninh,Hạ Long,Cụm lớn,"Du ngoạn Kỳ quan Thiên nhiên Thế giới, công viên giải trí hàng đầu, du lịch biển đô thị, nghỉ dưỡng khoáng nóng chuẩn Nhật và di tích tâm linh ven biển.","• Vịnh Hạ Long (Động Thiên Cung, Hang Đầu Gỗ, Hang Sửng Sốt, Đảo Ti Tốp, Hòn Trống Mái, Động Mê Cung, Hang Luồn)

• Thành phố Hạ Long

• Bãi biển Bãi Cháy

• Tổ hợp giải trí Sun World Halong Complex

• Đảo Tuần Châu

• Bảo tàng & Thư viện Quảng Ninh

• Núi Bài Thơ

• Chùa Long Tiên

• Cầu Bãi Cháy

• Đảo Rều (Vinpearl Resort Hạ Long)

• Khu nghỉ dưỡng khoáng nóng Yoko Onsen Quang Hanh (Cẩm Phả)

• Đền Cửa Ông (Cẩm Phả)

• Bãi biển Lương Ngọc (Cẩm Phả)

• Đồi Phượng Hoàng & Đỉnh Bình Hương

• Khu bảo tồn thiên nhiên Kỳ Thượng (Hoành Bồ)","Yên Tử, Vân Đồn, Cát Bà (Hải Phòng), Bạch Đằng (Hải Phòng)"
194,Quảng Ninh,Yên Tử,Cụm nhỏ,"Hành hương quần thể di sản Phật giáo Trúc Lâm linh thiêng, chinh phục đỉnh núi cao, thám hiểm hệ thống lăng miếu di tích nhà Trần và hồ suối đại ngàn.","• Danh thắng Yên Tử (Chùa Đồng, Chùa Hoa Yên, Suối Giải Oan, An Lạc Nương, Tượng Phật Hoàng Trần Nhân Tông)

• Khu di tích Quốc gia Đặc biệt Nhà Trần tại Đông Triều (Chùa Ngoạ Vân, Chùa Quỳnh Lâm, Đền An Sinh, Lăng mộ các vua Trần)

• Chùa Ba Vàng (Uông Bí)

• Hồ Yên Trung

• Lũng Xanh

• Thác Lăng Xê

• Hồ Yên Lập","Hạ Long, Côn Sơn (Hải Dương), Kinh Môn (Hải Dương)"
195,Quảng Ninh,Vân Đồn,Cụm lớn,"Nghỉ dưỡng quần đảo hoang sơ Bái Tử Long, tắm bãi biển cát trắng mịn, khám phá di tích thương cảng cổ và sinh thái rừng ngập mặn - biển đảo.","• Vịnh Bái Tử Long

• Đảo Quan Lạn

• Đảo Minh Châu

• Đảo Ngọc Vừng

• Bãi Dài Vân Đồn

• Bãi biển Sơn Hào

• Bãi biển Robinson

• Cảng du lịch Cái Rồng

• Chùa Cầu Trăm

• Thiền viện Trúc Lâm Giác Tâm (Chùa Cai Bầu)

• Cảng hàng không Quốc tế Vân Đồn

• Đảo Bản Sen

• Vườn quốc gia Bái Tử Long (Đảo Ba Mùn)","Hạ Long, Cô Tô (đường thủy), Móng Cái, Bình Liêu"
196,Quảng Ninh,Cô Tô,Cụm nhỏ,"Thám hiểm thiên đường biển đảo tiền tiêu hoang sơ, chèo thuyền ngắm san hô, check-in bãi đá trầm tích kỳ vĩ và trải nghiệm cuộc sống ngư dân đảo.","• Quần đảo Cô Tô (Đảo Cô Tô lớn, Đảo Cô Tô con, Đảo Thanh Lạn)

• Bãi biển Hồng Vàn

• Bãi biển Vàn Chài

• Bãi đá Cầu Mỵ (Bãi đá Móng Rồng)

• Hải đăng Cô Tô

• Tượng đài Bác Hồ trên đảo Cô Tô

• Đường tình yêu Cô Tô

• Hòn Cá Chép",Kết nối đường thủy với Vân Đồn
197,Quảng Ninh,Móng Cái,Cụm lớn,"Check-in cột mốc Cực Đông Bắc đất liền, nghỉ dưỡng bãi biển Trà Cổ lịch sử, mua sắm giao thương cửa khẩu quốc tế và du lịch sinh thái đảo biên giới.","• Mũi Sa Vĩ (Mũi Ngọc - Điểm đặt nét vẽ đầu tiên trên bản đồ Tổ quốc)

• Bãi biển Trà Cổ

• Đình Trà Cổ

• Nhà thờ Trà Cổ

• Cửa khẩu Quốc tế Móng Cái

• Chợ trung tâm Móng Cái

• Phố đi bộ Trần Phú

• Cầu Ka Long

• Đảo Vĩnh Thực (Hải đăng Vĩnh Thực, Bãi tắm Bến Mũi)

• Đảo Trần","Vân Đồn, Bình Liêu"
198,Quảng Ninh,Bình Liêu,Cụm nhỏ,"Săn bãi cỏ lau ""sống lưng khủng long"", trekking đường biên mốc giới, thám hiểm đại thác núi rừng và trải nghiệm văn hóa dân tộc Tày, Dao, Sán Chỉ.","• Chuỗi cột mốc biên giới Bình Liêu (Mốc 1300, 1302, 1305 - Sống lưng Khủng Long, Mốc 1327)

• Thác Khe Vằn

• Thác Khe Tiên

• Đỉnh Cao Ba Bạ

• Đỉnh Cao Liêm

• Bản Sông Moóc

• Chợ phiên Bình Liêu

• Phố cũ Tiên Yên

• Thác Pạc Sủi (Tiên Yên)

• Mũi Lòng Vàng (Tiên Yên)

• Miếu Ông Miếu Bà (Ba Chẽ)","Vân Đồn, Móng Cái, Yên Tử"
199,Bắc Ninh,Bắc Ninh,Cụm lớn,"Khám phá cội nguồn văn hóa Kinh Bắc, di sản dân ca Quan họ, quần thể chùa - đền cổ di sản và trải nghiệm các làng nghề truyền thống.","• Thành phố Bắc Ninh

• Đền Đô (Khu di tích Bát Đế - Từ Sơn)

• Chùa Dâu (Thuận Thành)

• Chùa Bút Tháp (Thuận Thành)

• Chùa Phật Tích (Tiên Du)

• Đền Bà Chúa Kho (Núi Kho)

• Làng Quan họ cổ Diềm (Viêm Xá - Đền Cùng Giếng Ngọc)

• Làng tranh Đông Hồ (Thuận Thành)

• Làng gốm Phù Lãng (Quế Võ)

• Làng đúc đồng Đại Bái (Gia Bình)

• Chùa Tiêu Sơn (Từ Sơn)

• Đền Cao Lỗ Vương

• Bảo tàng Bắc Ninh

• Lăng Kinh Dương Vương","Bắc Giang, Tây Yên Tử, Hà Nội, Sóc Sơn (Hà Nội), Làng Nôm (Hưng Yên), Hải Dương"
200,Bắc Ninh,Bắc Giang,Cụm lớn,"Du lịch đô thị trung tâm, khám phá làng cổ di sản ven sông Cầu, kiến trúc chùa cổ chứa mộc bản di vật thế giới và di tích lịch sử chiến công.","• Thành phố Bắc Giang

• Khu di tích Lịch sử Chiến thắng Xương Giang (Thành Xương Giang)

• Làng cổ Thổ Hà (Việt Yên)

• Chùa Bổ Đà (Việt Yên)

• Làng dệt Vân Hà

• Di tích Lịch sử Dốc Lăng

• Chùa Y Sơn (Hiệp Hòa)

• Lăng Khổng Thị (Hiệp Hòa)

• Đền Xương Giang

• Công viên Hoàng Hoa Thám (TP. Bắc Giang)","Bắc Ninh, Tây Yên Tử, Yên Thế, Sóc Sơn (Hà Nội), Thái Nguyên"
201,Bắc Ninh,Tây Yên Tử,Cụm nhỏ,"Hành hương tâm linh quần thể thiền phái Trúc Lâm phía Tây đỉnh Yên Tử, trekking rừng nguyên sinh, thám hiểm suối thác và cắm trại cao nguyên.","• Khu du lịch tâm linh - sinh thái Tây Yên Tử (Sơn Động)

• Chùa Vĩnh Nghiêm (Yên Dũng - Lưu giữ Mộc bản di sản thế giới)

• Thiền viện Trúc Lâm Phượng Hoàng (Yên Dũng)

• Khu du lịch sinh thái Suối Mỡ (Chùa Suối Mỡ, Thác Suối Mỡ - Lục Nam)

• Cao nguyên Đồng Cao (Sơn Động)

• Rừng nguyên sinh Khe Rỗ (Khu bảo tồn thiên nhiên Tây Yên Tử)

• Chùa Am Vãi (Lục Ngạn)

• Thác Mơ (Sơn Động)

• Dãy núi Phật Sơn","Bắc Giang, Bắc Ninh, Lục Ngạn, Yên Tử (Quảng Ninh), Hải Dương, Lạng Sơn"
202,Bắc Ninh,Lục Ngạn,Cụm nhỏ,"Du lịch sinh thái miệt vườn thủ phủ trái cây vải thiều, du ngoạn lòng hồ nước ngút ngàn và khám phá văn hóa bản làng dân tộc.","• Vùng vựa trái cây / Vải thiều Lục Ngạn

• Hồ Cấm Sơn

• Hồ Khuôn Thần

• Làng chài Hồ Cấm Sơn

• Đồi hoa Thanh Sơn / Đèo Bấc

• Chợ phiên Lục Ngạn

• Làng nghề mì Chũ (Lục Ngạn)

• Vườn bưởi / cam Lục Ngạn","Tây Yên Tử, Bắc Giang, Yên Thế, Lạng Sơn"
203,Bắc Ninh,Yên Thế,Cụm nhỏ,"Tìm hiểu di tích lịch sử Quốc gia Đặc biệt cuộc khởi nghĩa Hoàng Hoa Thám, du lịch sinh thái hồ núi và dã ngoại rừng đồi.","• Khu di tích Lịch sử Quốc gia Đặc biệt Khởi nghĩa Yên Thế (Đồn Phồn Xương, Đền Thề Hoàng Hoa Thám, Nhà trưng bày Khởi nghĩa Yên Thế)

• Đền Cầu Muối

• Hồ Cụm Rừng

• Thác Xuân Lung

• Hồ Suối Nứa

• Động Hào Thắng

• Rừng dẻ Yên Thế","Bắc Giang, Lục Ngạn, Thái Nguyên, Lạng Sơn"
204,Phú Thọ,Hòa Bình,Cụm lớn,"Khám phá công trình thủy điện kịch tính, du ngoạn lòng hồ sông Đà thơ mộng, du lịch tâm linh Đền Bờ và trải nghiệm di sản văn hóa Mường.","• Nhà máy Thủy điện Hòa Bình

• Hồ Hòa Bình (đoạn TP. Hòa Bình & Cao Phong)

• Đền Bà Chúa Thác Bờ (Đền Thác Bờ)

• Động Thác Bờ

• Tượng đài Bác Hồ trên đỉnh đồi Ông Tượng

• Bảo tàng Không gian Văn hóa Mường

• Công viên Di sản Các Nhà Khoa học Việt Nam (MEDIDOM - Cao Phong)

• Động Tiên Phi

• Thung lũng Thung Nai (Bến cảng Thung Nai)

• Đồi chè Cao Phong

• Chợ bờ sông Đà","Mai Châu, Kim Bôi, Lương Sơn, Ba Vì (Hà Nội), Sơn Tây (Hà Nội)"
205,Phú Thọ,Mai Châu,Cụm lớn,"Trải nghiệm văn hóa sinh thái bản làng Thái, nghỉ dưỡng thung lũng xanh, ngoạn cảnh ""Vịnh Hạ Long trên núi"" Ba Khan và đèo đá trắng.","• Bản Lác & Bản Pòm Coọng

• Bản Văn & Bản Nhót

• Hang Chiều & Hang Mỏ Luông

• Đèo Thung Khe (Đèo Đá White)

• Bán đảo Ba Khan (Tân Lạc)

• Thác Gò Lào

• Bản Hang Kia & Bản Pà Cò

• Cột cờ Mai Châu

• Sông Đà (đoạn Mai Châu)

• Động Nam Sơn (Tân Lạc)

• Chợ phiên Pà Cò","Hòa Bình, Kim Bôi, Pù Luông (Thanh Hóa)"
206,Phú Thọ,Kim Bôi,Cụm nhỏ,"Tắm suối khoáng nóng phục hồi sức khỏe, trekking quần thể đại thác nguyên sinh, khám phá động cổ và văn hóa Mường cổ.","• Khu du lịch Suối khoáng nóng Kim Bôi

• Cửu Thác Tú Sơn

• Thác Mu (Lạc Sơn)

• Mộ cổ Dốc Mừng

• Động Bát Mơ

• Thác Mặt Trời

• Quần thể di tích Chùa Tiên (Lạc Thủy)

• Hang Trinh Nữ

• Suối Nước Nóng Serena Resort

• Đồi chè Lạc Thủy","Hòa Bình, Mai Châu, Lương Sơn, Hương Sơn (Hà Nội), Tam Chúc (Hà Nam), Cúc Phương (Ninh Bình)"
207,Phú Thọ,Lương Sơn,Cụm nhỏ,"Nghỉ dưỡng ngoại ô dã ngoại, cắm trại lòng hồ sinh thái, khám phá hang động karst và chơi golf đại ngàn.","• Động Đá Bạc

• Khu du lịch sinh thái Vịt Cổ Xanh

• Sân golf Phượng Hoàng (Phoenix Golf Resort)

• Hồ Đồng Chanh

• Thác Muồng

• Hồ Quan Sơn (đoạn Lương Sơn)

• Đèo Hang Lăng

• Động Mắt Rồng","Hòa Bình, Kim Bôi, Ba Vì (Hà Nội), Chùa Thầy (Hà Nội), Sơn Tây (Hà Nội)"
208,Phú Thọ,Tam Đảo,Cụm lớn,"Nghỉ dưỡng khí hậu mây mù núi cao, chiêm bái quần thể danh thắng tâm linh Tây Thiên di sản và thám hiểm Vườn quốc gia.","• Thị trấn Tam Đảo

• Nhà thờ đá Tam Đảo

• Tháp truyền hình Tam Đảo

• Đền Bà Chúa Thượng Ngàn (Tam Đảo)

• Cổng Trời Tam Đảo & Cầu Mây

• Thác Bạc Tam Đảo

• Đỉnh Rồng

• Vườn quốc gia Tam Đảo (đoạn Vĩnh Phúc)

• Quần thể Danh thắng Tây Thiên (Đền Quốc Mẫu Tây Thiên, Đại Tháp Mandala, Thiền viện Trúc Lâm Tây Thiên, Cáp treo Tây Thiên)

• Thiền viện Trúc Lâm Tuệ Đức (Sông Lộ)

• Tháp Bình Sơn (Sông Lộ)

• Hồ Vân Trục","Vĩnh Yên, Phúc Yên, Sơn Tây (Hà Nội), Việt Trì (Phú Thọ)"
209,Phú Thọ,Vĩnh Yên,Cụm lớn,"Du lịch sinh thái đô thị hồ nước, nghỉ dưỡng golf cao cấp, tham quan di tích chùa cổ và làng nghề truyền thống.","• Thành phố Vĩnh Yên

• Hồ Đầm Vạc

• Sân golf Đầm Vạc

• Chùa Tích Sơn

• Bảo tàng Vĩnh Phúc

• Công viên Quảng trường Hồ Chí Minh Vĩnh Yên

• Chợ Vĩnh Yên

• Làng gốm Hương Canh (Bình Xuyên)

• Làng nghề đan mây tre Triệu Đề","Tam Đảo, Phúc Yên, Việt Trì (Phú Thọ), Sơn Tây (Hà Nội)"
210,Phú Thọ,Phúc Yên,Cụm nhỏ,"Nghỉ dưỡng sinh thái hồ nước sang trọng, vui chơi giải trí tổ hợp resort, cắm trại lòng hồ và khám phá đèo núi hoang sơ.","• Hồ Đại Lải

• Flamingo Đại Lải Resort

• Đảo Ngọc Đại Lải

• Chùa Bầu Phúc Yên

• Sân golf Đại Lải

• Hồ Thanh Lộc

• Đèo Nhe

• Chiến khu Ngọc Thanh","Vĩnh Yên, Tam Đảo, Sóc Sơn (Hà Nội)"
211,Phú Thọ,Việt Trì,Cụm lớn,"Hành hương Di tích Quốc gia Đặc biệt cội nguồn Dân tộc, thưởng thức Hát Xoan di sản thế giới và du lịch đô thị ngã ba sông.","• Khu di tích Quốc gia Đặc biệt Đền Hùng (Đền Hạ, Đền Trung, Đền Thượng, Đền Giếng, Mộ Hùng Vương, Bảo tàng Hùng Vương)

• Thành phố Việt Trì

• Công viên Văn Lang

• Làng cổ Hùng Lô (Đình Hùng Lô - Biểu diễn Hát Xoan, Nhà cổ Hùng Lô)

• Bảo tàng Hùng Vương (TP. Việt Trì)

• Chùa Đại Bi (Việt Trì)

• Chùa Cát Trù

• Chợ Việt Trì

• Cầu Hạc Trì & Ngã ba Hạc","Xuân Sơn, Hạ Hòa, Thanh Thủy, Vĩnh Yên (Vĩnh Phúc), Tam Đảo (Vĩnh Phúc), Sơn Tây (Hà Nội), Ba Vì (Hà Nội)"
212,Phú Thọ,Thanh Thủy,Cụm nhỏ,"Nghỉ dưỡng tắm khoáng nóng thiên nhiên, vui chơi tổ hợp resort khoáng nóng và chiêm bái đền miếu lịch sử ven sông Đà.","• Khu du lịch khoáng nóng Thanh Thủy

• Tổ hợp nghỉ dưỡng Lynn Times Thanh Thủy

• Đền Lăng Xương (Nơi sinh Thánh Tản Viên)

• Đảo Ngọc Xanh (Thanh Thủy)

• Bãi bồi Sông Đà Thanh Thủy

• Đền Tu Vũ

• Tượng đài Chiến thắng Tu Vũ","Việt Trì, Xuân Sơn, Ba Vì (Hà Nội), Lương Sơn (Hòa Bình)"
213,Phú Thọ,Xuân Sơn,Cụm nhỏ,"Thám hiểm Vườn quốc gia đa dạng sinh học, check-in ""đĩa bãi chè"" Long Cốc kỳ vĩ, khám phá hang động nguyên sinh và văn hóa Mường - Dao.","• Vườn quốc gia Xuân Sơn (Hang Lấp, Hang Than, Hang Na, Bản Dù, Bản Lấp)

• Đồi chè Long Cốc (Tân Sơn)

• Đồi chè Địch Quả (Thanh Sơn)

• Thác Cây Đăng

• Thác Chín Tầng

• Thác Lạc Sanh (Tân Sơn)

• Bản Nhông & Bản Ten

• Sông Bứa (Thanh Sơn)","Việt Trì, Thanh Thủy, Hạ Hòa, Hòa Bình"
214,Phú Thọ,Hạ Hòa,Cụm nhỏ,"Hành hương Di tích Quốc gia Đền Mẫu Âu Cơ, chèo thuyền sinh thái đầm hồ mênh mông và dã ngoại thiên nhiên.","• Di tích Quốc gia Đền Mẫu Âu Cơ (Hạ Hòa)

• Danh thắng Hồ Ao Châu

• Hồ Vân Hội

• Đầm Bàu Trắng

• Đền Du Yến

• Thác Sang

• Chùa Cụ Thọ

• Đồi chè Cẩm Khê","Việt Trì, Xuân Sơn"
215,Sơn La,Mộc Châu,Cụm lớn,"Nghỉ dưỡng cao nguyên khí hậu ôn đới, check-in đồi chè, mùa hoa quả ngọt, chinh phục cầu kính kỷ lục, thám hiểm sinh thái thác nước và văn hóa H'Mông - Thái.","• Đồi chè Trái Tim Mộc Châu

• Cầu kính Bạch Long (Mộc Châu Island)

• Thác Dải Yếm

• Rừng thông Bản Áng

• Thung lũng Nà Ka (Mùa hoa mận & mận chín)

• Đỉnh Pha Luông

• Hang Táu (Làng Nguyên Thủy)

• Động Sơn Mộc Hương (Hang Dơi)

• Thác Chiềng Khoa (Thác Mây - Vân Hồ)

• Vườn cam & Vườn dâu tây Mộc Châu

• Bản Lóng Luông

• Đỉnh Tạt Cổ","Sơn La, Bắc Yên, Mai Châu (Hòa Bình)"
216,Sơn La,Sơn La,Cụm lớn,"Khám phá di tích lịch sử nhà tù cổ, du lịch sinh thái đô thị thung lũng, tắm khoáng nóng thư giãn và trải nghiệm văn hóa ẩm thực Thái truyền thống.","• Thành phố Sơn La

• Di tích Quốc gia Đặc biệt Nhà tù Sơn La & Bảo tàng Sơn La

• Bản Mòng (Tắm khoáng nóng & Du lịch cộng đồng)

• Quảng trường Tây Bắc & Tượng đài Bác Hồ

• Đền thờ Vua Lê Thái Tông (Quế Lâm Ngự Chế)

• Bản Bó

• Bản Húc

• Hang Mỏ Mắm

• Đèo Chẹn","Mộc Châu, Bắc Yên, Quỳnh Nhai, Sông Mã"
217,Sơn La,Bắc Yên,Cụm nhỏ,"Săn mây ""Sống lưng Khủng Long"" thiên đường mây, trekking chinh phục các đỉnh núi đại ngàn, ngắm ruộng bậc thang kỳ vĩ và khám phá đồi cỏ.","• Sống lưng Khủng Long Tà Xùa

• Đỉnh Tà Xùa & Đỉnh Lảo Thẩn (đoạn giáp ranh)

• Cây táo mèo cô đơn Tà Xùa

• Mỏm đá Đầu Rùa Tà Xùa

• Ruộng bậc thang Xím Vàng

• Đồi cỏ Pu Nhi (Đường lên Bắc Yên)

• Hồ Suối Chiếu

• Hang A Phủ (Hồng Ngài)","Mộc Châu, Sơn La, Mù Cang Chải (Yên Bái), Trạm Tấu (Yên Bái)"
218,Sơn La,Quỳnh Nhai,Cụm nhỏ,"Du ngoạn lòng hồ Thủy điện Sơn La (""Vịnh Hạ Long trên núi"" Tây Bắc), chiêm bái đảo tâm linh, trải nghiệm lễ hội đua thuyền và ẩm thực lòng hồ.","• Lòng hồ Thủy điện Sơn La

• Đền Uy Thần (Đền Nàng Han)

• Đảo Uy Bằng

• Cầu Pá Uôn (Cầu có trụ cao nhất Việt Nam)

• Vịnh Uy Phong

• Đảo Trái Tim

• Suối nước nóng Nậm Păm

• Chợ cá lòng hồ Quỳnh Nhai","Sơn La, Bắc Yên, Điện Biên, Than Uyên (Lai Châu)"
219,Sơn La,Sông Mã,Cụm nhỏ,"Trải nghiệm du lịch sinh thái vựa nhãn lớn nhất miền Bắc, tìm hiểu di tích lịch sử biên giới Việt - Lào, tắm suối khoáng nóng và du lịch bản làng.","• Vựa nhãn Sông Mã

• Di tích Căn cứ Cách mạng Mường Chanh

• Cửa khẩu Quốc tế Chiềng Khương

• Suối khoáng nóng Bó Lách

• Sông Mã (đoạn chảy qua Sông Mã)

• Bản Nà Phông

• Tháp Mường Luân (đoạn giáp Điện Biên)","Sơn La, Mộc Châu, Điện Biên"
220,Lạng Sơn,Lạng Sơn,Cụm lớn,"Du lịch đô thị biên giới, mua sắm chợ cửa khẩu sầm uất, vãn cảnh động tự nhiên - chùa di sản, di tích lịch sử ải đèo và chiêm bái các ngôi đền linh thiêng.","• Thành phố Lạng Sơn

• Động Tam Thanh & Chùa Tam Thanh

• Động Nhị Thanh & Chùa Tam Giáo

• Núi Tô Thị & Thành nhà Mạc

• Cửa khẩu Quốc tế Hữu Nghị

• Chợ Đông Kinh & Chợ Kỳ Lừa

• Đền Kỳ Cùng

• Đền Mẫu Đồng Đăng

• Di tích Lịch sử Ải Chi Lăng

• Công viên Chợ Đêm Lạng Sơn","Mẫu Sơn, Bắc Sơn, Hữu Lũng, Trùng Khánh (Cao Bằng), Bình Liêu (Quảng Ninh)"
221,Lạng Sơn,Mẫu Sơn,Cụm nhỏ,"Nghỉ dưỡng khí hậu cao nguyên núi cao, săn mây - săn tuyết mùa đông, thưởng thức rượu Mẫu Sơn, trà Shan Tuyết và khám phá văn hóa bản địa Dao, Tày.","• Quần thể danh thắng Mẫu Sơn (Đỉnh Mẫu Sơn)

• Khu linh địa cổ Mẫu Sơn

• Làng du lịch cộng đồng Đèo Túc / Khuổi Cấp

• Mũi Pháo Mẫu Sơn

• Suối Long Đầu

• Bản Khuổi Cấp (Dân tộc Dao)

• Thác Khau Nhót","Lạng Sơn, Bình Liêu (Quảng Ninh)"
222,Lạng Sơn,Bắc Sơn,Cụm nhỏ,"Săn ảnh thung lũng lúa chín vàng kỳ vĩ, leo núi chinh phục đỉnh Nà Lay, tìm hiểu di tích lịch sử khởi nghĩa và du lịch cộng đồng dân tộc Tày.","• Thung lũng lúa Bắc Sơn

• Đỉnh núi Nà Lay (Trạm vi ba Bắc Sơn)

• Làng du lịch cộng đồng Quỳnh Sơn

• Bảo tàng Khởi nghĩa Bắc Sơn

• Suối Mơ Bắc Sơn

• Thác Đăng Mo (Bình Gia)

• Hang Sấm

• Đèo Tam Canh","Lạng Sơn, Hữu Lũng, Thái Nguyên, Yên Thế (Bắc Giang)"
223,Lạng Sơn,Hữu Lũng,Cụm nhỏ,"Thám hiểm ""thảo nguyên Mông Cổ"" Đồng Lâm, leo núi thể thao mạo hiểm, hành hương đền Mẫu Bắc Lệ linh thiêng và tắm suối hồ tự nhiên.","• Thảo nguyên Đồng Lâm (Hữu Liên)

• Làng du lịch cộng đồng Hữu Liên

• Đền Bắc Lệ (Trung tâm thờ Mẫu Thượng Ngàn)

• Hồ Pác Mỏ

• Hồ Nong Dùng

• Điểm leo núi mạo hiểm Yên Thịnh

• Đền Quan Giám Sát

• Thác Mỏ Mắm (Hữu Lũng)","Lạng Sơn, Bắc Sơn, Bắc Giang, Yên Thế (Bắc Giang)"
224,Điện Biên,Điện Biên Phủ,Cụm lớn,"Thám hiểm Quần thể Di tích Quốc gia Đặc biệt Chiến trường Điện Biên Phủ, du lịch lịch sử - tâm linh, trải nghiệm lòng hồ sinh thái, tắm khoáng nóng và ẩm thực Thái - H'Mông.","• Bảo tàng Chiến thắng Điện Biên Phủ (Bức tranh Panorama)

• Tượng đài Chiến thắng Điện Biên Phủ (Đồi D1)

• Di tích Đồi A1

• Hầm De Castries (Hầm Bếttơ)

• Cầu Mường Thanh & Sông Nậm Rốm

• Nghĩa trang Liệt sĩ Quốc gia A1

• Sở Chỉ huy Chiến dịch Điện Biên Phủ (Mường Phăng)

• Đền thờ Liệt sĩ tại Chiến trường Điện Biên Phủ

• Hồ Pá Khoang

• Đảo Hoa Cherry Pá Khoang

• Khu du lịch khoáng nóng U Va / Bản Ten

• Đèo Pha Đín (đoạn Điện Biên)

• Chợ Mường Thanh","Mường Lay, A Pa Chải, Sơn La, Quỳnh Nhai (Sơn La)"
225,Điện Biên,Mường Lay,Cụm nhỏ,"Du ngoạn lòng hồ Thủy điện Mường Lay, check-in ""đô thị nhà sàn"" độc đáo của người Thái trắng, trải nghiệm lễ hội đua thuyền đuôi én và du lịch sinh thái sông nước.","• Thị xã Mường Lay

• Lòng hồ Thủy điện Mường Lay (Sông Đà)

• Làng du lịch cộng đồng Bản Nậm Cản / Lay Nưa

• Phế tích Dinh Tỉnh trưởng Mường Lay (Dinh Đèo Văn Long)

• Hang Huổi Lóng

• Cầu Mường Lay

• Suối Nậm Lay","Điện Biên Phủ, A Pa Chải, Mường Tè (Lai Châu), Phong Thổ (Lai Châu)"
226,Điện Biên,A Pa Chải,Cụm nhỏ,"Chinh phục cột mốc Cực Tây Tổ quốc ""một con gà gáy ba nước cùng nghe"", phượt đường biên mốc giới, thám hiểm nguyên sinh và khám phá cao nguyên đá, văn hóa Hà Nhì - Mông.","• Cột mốc 0 A Pa Chải (Ngã ba biên giới Việt - Lào - Trung)

• Đồn Biên phòng A Pa Chải

• Lối mở biên giới A Pa Chải - Long Phú

• Cửa khẩu Quốc tế Tây Trang

• Bản Tả Kố Phừ (Văn hóa dân tộc Hà Nhì)

• Cao nguyên đá Tủa Chùa

• Chợ phiên Tủa Chùa

• Hang Khó Chua La (Tủa Chùa)

• Tháp Mường Luân (Điện Biên Đông)

• Rừng nguyên sinh Mường Nhé","Điện Biên Phủ, Mường Lay, Mường Tè (Lai Châu), Sông Mã (Sơn La)"
227,Thái Nguyên,Bắc Kạn,Cụm lớn,"Du lịch đô thị trung tâm, thăm di tích lịch sử chiến thắng, vãn cảnh đền chùa tâm linh, thưởng thức ẩm thực đặc sản núi rừng và dã ngoại hồ sinh thái.","• Thành phố Bắc Kạn

• Di tích Lịch sử Đèo Giàng

• Di tích Đèo Gió

• Đền Thắm (Chợ Mới)

• Thác Nà Khoang (Ngân Sơn)

• Đền Thạch Long

• Hồ Bản Chang

• Chợ trung tâm Bắc Kạn","Ba Bể, Chợ Đồn, Thái Nguyên, Cao Bằng"
228,Thái Nguyên,Ba Bể,Cụm lớn,"Du ngoạn Danh thắng Quốc gia Đặc biệt Hồ Ba Bể, thám hiểm động karst ngầm, trekking Vườn quốc gia, chèo thuyền Kayak và du lịch cộng đồng bản Tày.","• Vườn quốc gia Ba Bể

• Hồ Ba Bể (Sông Năng)

• Động Puông

• Thác Đầu Đẳng

• Hang Hua Mạ

• Ao Tiên

• Đền An Mạ

• Đảo Bà Góa

• Làng du lịch cộng đồng Pác Ngòi / Cốc Tộc / Bố Lù

• Động Tham Phầy","Bắc Kạn, Chợ Đồn, Tuyên Quang, Cao Bằng"
229,Thái Nguyên,Chợ Đồn,Cụm nhỏ,"Tìm hiểu di tích lịch sử An toàn khu (ATK) Bắc Kạn, thám hiểm hang động núi đá hoang sơ, cắm trại dã ngoại và sinh thái rừng đồi.","• Di tích Lịch sử Quốc gia Đặc biệt ATK Chợ Đồn (Nà Pài, Khuổi Linh, Bản Ca)

• Hang Thạch Long (Chợ Đồn)

• Thác Nà Lòng

• Hồ Phai Khắt

• Rừng Khau Mạ","Bắc Kạn, Ba Bể, ATK Định Hóa (Thái Nguyên), Tuyên Quang"
230,Thái Nguyên,Thái Nguyên,Cụm lớn,"Check-in ""Thủ phủ trà"" xứ Thái, du ngoạn hồ huyền thoại Hồ Núi Cốc, khám phá bảo tàng văn hóa dân tộc, trải nghiệm làng sinh thái và nghỉ dưỡng đô thị.","• Thành phố Thái Nguyên

• Vùng trà đặc sản Tân Cương (Không gian văn hóa Trà Tân Cương)

• Khu du lịch Hồ Núi Cốc

• Bảo tàng Văn hóa các Dân tộc Việt Nam

• Làng du lịch sinh thái Thái Hai

• Chùa Hang (Kim Sơn Tự)

• Chùa Phủ Liễn

• Quảng trường Võ Nguyên Giáp

• Khu du lịch sinh thái Dũng Tân (Sông Công)

• Chợ Thái","ATK Định Hóa, Võ Nhai, Bắc Kạn, Tam Đảo (Vĩnh Phúc), Sóc Sơn (Hà Nội), Bắc Giang"
231,Thái Nguyên,ATK Định Hóa,Cụm nhỏ,"Hành hương Di tích Quốc gia Đặc biệt ""Thủ đô kháng chiến"" ATK Định Hóa, trekking đèo núi lịch sử, tắm suối thác nguyên sinh và văn hóa Tày, San Dìu.","• Khu di tích Quốc gia Đặc biệt ATK Định Hóa (Đồi Tỉn Keo, Khau Tụ, Nà Dài, Nhà trưng bày ATK)

• Chùa Hang Định Hóa

• Đèo De

• Thác Tat Mạ

• Thác 7 Tầng

• Hồ Bảo Linh","Thái Nguyên, Chợ Đồn (Bắc Kạn), Tuyên Quang"
232,Thái Nguyên,Võ Nhai,Cụm nhỏ,"Thám hiểm quần thể hang động - suối ngầm kỳ thú, check-in di chỉ khảo cổ học tiền sử, tắm thác nước hùng vĩ và cắm trại thung lũng đá vôi.","• Danh thắng Hang Phượng Hoàng & Suối Mỏ Gà

• Mái đá Ngườm (Di chỉ khảo cổ đồ đá cũ)

• Thác Mưa Rơi (Thác Nam Me)

• Thác Mối

• Hồ Ghềnh Chè (Đồng Hỷ)

• Rừng Mèo Lộc Phượng

• Hang Mỏ Mắm","Thái Nguyên, Bắc Sơn (Lạng Sơn), Hữu Lũng (Lạng Sơn), Bắc Giang"
233,Lào Cai,Sa Pa,Cụm lớn,"Chinh phục ""Nóc nhà Đông Dương"", nghỉ dưỡng núi cao khí hậu ôn đới, check-in đèo hùng vĩ, thám hiểm thung lũng lúa và văn hóa H'Mông, Dao đỏ.","• Sun World Fansipan Legend (Đỉnh Fansipan, Cáp treo Fansipan, Quần thể tâm linh đỉnh Fansipan)

• Nhà thờ đá Sa Pa

• Bản Cát Cát

• Bản Tả Van & Bản Lao Chải

• Bản Tả Phìn

• Thung lũng Mường Hoa

• Đèo Ô Quy Hồ (Cổng Trời Sa Pa)

• Thác Bạc & Thác Tình Yêu

• Cầu kính Rồng Mây (đoạn giáp ranh)

• Chợ đêm Sa Pa

• Núi Hàm Rồng","Lào Cai, Bát Xát, Tam Đường (Lai Châu), Than Uyên (Lai Châu), Mù Cang Chải (Yên Bái)"
234,Lào Cai,Lào Cai,Cụm lớn,"Du lịch đô thị cửa khẩu biên giới, giao thương mua sắm, hành hương đền miếu linh thiêng ven sông Hồng và thưởng thức ẩm thực phố núi.","• Thành phố Lào Cai

• Cửa khẩu Quốc tế Lào Cai

• Đền Thượng & Đền Mẫu Lào Cai

• Chợ Cốc Lếu

• Cột mốc 102 (Cột mốc biên giới Việt - Trung)

• Công viên Thủy Hoa

• Cầu Kiều

• Đền Đôi Cô (Cam Đường)

• Chợ đêm Lào Cai","Sa Pa, Bát Xát, Bắc Hà, Hà Giang"
235,Lào Cai,Bát Xát,Cụm nhỏ,"Săn mây Y Tý ""thiên đường mây"", check-in Cột mốc Lũng Pô nơi sông Hồng chảy vào đất Việt, trekking đỉnh núi đại ngàn và văn hóa nhà trình tường Hà Nhì.","• Y Tý

• Cột mốc Lũng Pô (Nơi sông Hồng chảy vào đất Việt)

• Đỉnh Lảo Thẩn

• Bản Choản Thìn

• Bản Ngải Thầu & Ngải Thầu Thượng

• Rừng nguyên sinh Dền Sáng

• Thác Cầu Treo

• Suối Mường Hum & Chợ phiên Mường Hum","Sa Pa, Lào Cai, Phong Thổ (Lai Châu)"
236,Lào Cai,Bắc Hà,Cụm nhỏ,"Du lịch văn hóa ""Cao nguyên trắng"", trải nghiệm chợ phiên vùng cao rực rỡ sắc màu, thăm dinh biệt thự cổ và mùa hoa mận/lê nở trắng rừng.","• Dinh biệt thự Hoàng A Tưởng

• Chợ phiên Bắc Hà

• Chợ phiên Cán Cấu (Si Ma Cai)

• Đền Bắc Hà

• Thung lũng hoa Bắc Hà

• Bản Pho

• Thác Xang (Si Ma Cai)

• Đỉnh Lùng Phình

• Làng dệt thổ cẩm Thai Giang Phố","Lào Cai, Bảo Yên, Hoàng Su Phì (Hà Giang), Xín Mần (Hà Giang)"
237,Lào Cai,Bảo Yên,Cụm nhỏ,"Hành hương di tích đền Mẫu tâm linh linh thiêng, khám phá làng du lịch sinh thái cộng đồng dân tộc Tày và vãn cảnh sông Chảy.","• Đền Bảo Hà (Đền thờ Ông Hoàng Bảy)

• Làng du lịch cộng đồng Nghĩa Đô

• Đền Lăng Ga

• Đền Phúc Khánh

• Sông Chảy (đoạn Bảo Yên)

• Chợ phiên Nghĩa Đô","Bắc Hà, Lào Cai, Thác Bà (Yên Bái), Quang Bình (Hà Giang)"
238,Lào Cai,Mù Cang Chải,Cụm lớn,"Thám hiểm Danh thắng Quốc gia Đặc biệt Ruộng bậc thang, trải nghiệm bay dù lượn ""Bay trên mùa vàng"" qua đèo Khau Phạ và văn hóa H'Mông.","• Ruộng bậc thang Mâm Xôi (La Pán Tẩn)

• Ruộng bậc thang Mũi Ngựa (Dế Xu Phình)

• Đèo Khau Phạ

• Bản Lìm Mông & Bản Lìm Thái

• Ruộng bậc thang Chế Cu Nha

• Mù Cang Chải Resort

• Thác Pú Bầu

• Mỏm đá Bàn Tay

• Bản Lao Chải (Mù Cang Chải)","Nghĩa Lộ, Sa Pa (Lào Cai), Bắc Yên (Sơn La), Than Uyên (Lai Châu)"
239,Lào Cai,Nghĩa Lộ,Cụm lớn,"Khám phá thung lũng lòng chảo Mường Lò, thưởng thức nếp Tú Lệ & cốm Tày, tắm suối khoáng nóng tự nhiên, trekking chinh phục các đỉnh núi săn mây kỳ vĩ.","• Thị xã Nghĩa Lộ

• Cánh đồng Mường Lò

• Thung lũng Tú Lệ (Văn Chấn)

• Suối khoáng nóng Trạm Tấu

• Đỉnh Tà Chì Nhù (Trạm Tấu)

• Đỉnh Tà Xùa (đoạn Trạm Tấu - Yên Bái)

• Bản Hốc (Nghĩa Lộ)

• Đèo Lũng Lô

• Căng Đồn Nghĩa Lộ","Mù Cang Chải, Yên Bái, Bắc Yên (Sơn La), Hạ Hòa (Phú Thọ)"
240,Lào Cai,Yên Bái,Cụm lớn,"Du lịch đô thị trung tâm bên sông Hồng, viếng di tích lịch sử Nguyễn Thái Học, vãn cảnh đền miếu ven sông và thưởng thức ẩm thực vùng đồi xứ Tày, Kinh.","• Thành phố Yên Bái

• Di tích Quốc gia Mộ Nguyễn Thái Học & Nhà tưởng niệm

• Chợ Yên Bái

• Chùa Tùng Lâm (Chùa Bách Lẫm)

• Đền Tuần Lần

• Công viên Yên Hòa

• Cầu Cổ Phúc

• Bến cảng đường thủy sông Hồng","Thác Bà, Nghĩa Lộ, Bảo Yên (Lào Cai), Hạ Hòa (Phú Thọ)"
241,Lào Cai,Thác Bà,Cụm nhỏ,"Du ngoạn ""Hạ Long trên núi"" lòng hồ Thủy điện Thác Bà với hàng trăm đảo xanh, thám hiểm hang động karst, chiêm bái đền Mẫu và du lịch cộng đồng làng Tày, Dao.","• Hồ Thác Bà (Yên Bình)

• Nhà máy Thủy điện Thác Bà

• Đền Mẫu Thác Bà

• Động Thủy Cung

• Động Xuân Long

• Làng du lịch cộng đồng Vũ Linh / Ngô Luông

• Núi Yến & Núi Ông","Yên Bái, Bảo Yên (Lào Cai), Tuyên Quang, Hạ Hòa (Phú Thọ)"
242,Lai Châu,Lai Châu,Cụm lớn,"Thám hiểm đèo núi hùng vĩ bậc nhất Tây Bắc, trải nghiệm cầu kính trên mây, chinh phục các đỉnh núi đại ngàn, vãn cảnh động karst kiệt tác và du lịch cộng đồng dân tộc Thái, Lự.","• Thành phố Lai Châu

• Quần thể danh thắng Động Pu Sam Cap

• Cầu kính Rồng Mây (Tam Đường)

• Đèo Ô Quy Hồ (đoạn Lai Châu)

• Làng du lịch cộng đồng Bản Si Thâu Chái

• Làng du lịch cộng đồng Bản Hon (Dân tộc Lự)

• Bản Lao Chải 1

• Đỉnh Pu Ta Leng

• Đỉnh Tả Liên Sơn (Cổ Tiên Mountain)

• Tượng đài Bác Hồ với nhân dân các dân tộc Lai Châu

• Thác Tác Tình","Sìn Hồ, Phong Thổ, Than Uyên, Sa Pa (Lào Cai)"
243,Lai Châu,Sìn Hồ,Cụm nhỏ,"Nghỉ dưỡng khí hậu cao nguyên quanh năm mây phủ, trải nghiệm tắm lá thuốc cổ truyền người Dao, săn mây, đi chợ phiên sắc màu và ngoạn cảnh thung lũng kỳ vĩ.","• Cao nguyên Sìn Hồ

• Chợ phiên Sìn Hồ

• Thung lũng Pú Đao

• Dinh thự Đèo Văn Long (Sìn Hồ)

• Mỏm đá Sìn Hồ (Sống lưng Khủng Long Sìn Hồ)

• Đèo Chăn Nưa

• Các cơ sở tắm lá thuốc người Dao Đỏ / Dao Thanh Y

• Núi Đá Ô","Lai Châu, Phong Thổ, Mường Tè, Mường Lay (Điện Biên), Quỳnh Nhai (Sơn La)"
244,Lai Châu,Phong Thổ,Cụm nhỏ,"Check-in bản du lịch cộng đồng di sản ASEAN, tắm suối khoáng nóng tự nhiên, chinh phục đỉnh núi mây ngàn Bạch Mộc Lương Tử và giao thương cửa khẩu biên giới.","• Làng du lịch cộng đồng Sin Suối Hồ (Giải thưởng Du lịch ASEAN)

• Đỉnh Bạch Mộc Lương Tử / Kỳ Quan San (đoạn Lai Châu)

• Cửa khẩu Quốc tế Ma Lù Thàng

• Suối khoáng nóng Vàng Bó

• Chợ phiên Phong Thổ

• Thác Trái Tim (Sin Suối Hồ)

• Mốc biên giới 85","Lai Châu, Sìn Hồ, Bát Xát (Lào Cai), Mường Lay (Điện Biên)"
245,Lai Châu,Mường Tè,Cụm nhỏ,"Chinh phục Cột mốc 18(2) nơi sông Đà chảy vào đất Việt, trekking đỉnh núi Pu Si Lung hoang sơ kịch tính, thám hiểm rừng bảo tồn và văn hóa các dân tộc La Hủ, Cống, Mảng.","• Cột mốc 18(2) (Nơi Sông Đà chảy vào đất Việt)

• Đỉnh Pu Si Lung

• Khu bảo tồn thiên nhiên Mường Tè

• Thủy điện Lai Châu (Nậm Nhùn)

• Hòn đá Trắng (Mường Tè)

• Bản Pắc Ma

• Suối Nậm Nhé","Sìn Hồ, Phong Thổ, Mường Lay (Điện Biên), A Pa Chải (Điện Biên)"
246,Lai Châu,Than Uyên,Cụm nhỏ,"Chiêm ngưỡng thung lũng lòng chảo cánh đồng lúa lớn thứ 3 Tây Bắc, du ngoạn lòng hồ thủy điện mênh mang, chèo thuyền Kayak và du lịch sinh thái cộng đồng.","• Cánh đồng Mường Than (""Nhất Thanh, nhì Lò, tam Than, tứ Tấc"")

• Hồ Thủy điện Bản Chát

• Hồ Thủy điện Huội Quảng

• Làng du lịch cộng đồng Bản Lếch / Bản Thẩm Phè

• Vịnh Than Uyên (Hồ Nậm Cắt)

• Sông Nậm Mu

• Đèo Khau Co","Lai Châu, Sa Pa (Lào Cai), Mù Cang Chải (Yên Bái), Quỳnh Nhai (Sơn La)"
247,Cao Bằng,Cao Bằng,Cụm lớn,"Du lịch đô thị trung tâm bên sông Bằng Giang, khám phá văn hóa Công viên Địa chất Toàn cầu UNESCO Non nước Cao Bằng, thăm di tích lịch sử kháng chiến và thưởng thức ẩm thực đặc sản phố núi.","• Thành phố Cao Bằng

• Sông Bằng Giang & Sông Hiến

• Đền Kỳ Sầm (Thờ Nùng Trí Cao)

• Chợ trung tâm Cao Bằng

• Đền Mẫu Cao Bằng

• Chùa Phố Cũ

• Di tích đồn Phai Khắt & Nà Ngần (Nguyên Bình)

• Tượng đài Bác Hồ (TP. Cao Bằng)

• Di tích Chiến dịch Biên giới 1950 (Đông Khê - Thạch An)","Trùng Khánh, Thang Hen, Pác Bó, Lạng Sơn, Bắc Kạn"
248,Cao Bằng,Trùng Khánh,Cụm lớn,"Chiêm ngưỡng kiệt tác Thác Bản Giốc hùng vĩ bậc nhất Đông Nam Á, chèo SUP/Kayak sông Quây Sơn, thám hiểm động Ngườm Ngao, check-in làng đá cổ di sản và thưởng thức hạt dẻ Trùng Khánh.","• Thác Bản Giốc

• Động Ngườm Ngao

• Chùa Phật Tích Trúc Lâm Bản Giốc

• Sông Quây Sơn

• Thung lũng Phong Nam

• Làng đá cổ Khuổi Ky (Đàm Thủy)

• Bãi Dốc Lầy

• Làng rèn thủ công Pắc Rằng (Quảng Hòa)

• Đồn cửa khẩu Lý Quốc

• Chợ phiên Trùng Khánh","Cao Bằng, Thang Hen, Pác Bó, Lạng Sơn"
249,Cao Bằng,Pác Bó,Cụm nhỏ,"Hành hương Di tích Quốc gia Đặc biệt cội nguồn cách mạng Pác Bó, check-in suối nước xanh ngọc bích Lê Nin, núi Các Mác, viếng khu di tích Kim Đồng và thăm làng nghề thổ cẩm.","• Khu di tích Quốc gia Đặc biệt Pác Bó (Suối Lê Nin, Núi Các Mác, Hang Cốc Bố, Cột mốc 108, Đền thờ Bác Hồ)

• Khu di tích Lịch sử Kim Đồng (Làng Nà Mạ - Hà Quảng)

• Làng dệt thổ cẩm Luống Nọi (Hà Quảng)

• Cửa khẩu Quốc tế Sóc Giang

• Hang Ngườm Pốc

• Đèo Mã Phục (đoạn Hà Quảng)","Cao Bằng, Thang Hen, Trùng Khánh, Bảo Lạc, Hà Giang"
250,Cao Bằng,Thang Hen,Cụm nhỏ,"Thám hiểm Danh thắng Mắt Thần Núi (Núi Thủng) kỳ diệu, du ngoạn quần thể 36 hồ nước ngọt Thang Hen trên núi đá vôi, cắm trại thung lũng cỏ xanh và trekking Công viên Địa chất UNESCO.","• Quần thể Hồ Thang Hen (Trà Lĩnh)

• Danh thắng Mắt Thần Núi (Núi Thủng / Phja Piót - Trà Lĩnh)

• Tuyệt Tình Cốc Cao Bằng (Thung lũng xóm Cốc Trà)

• Hồ Mắt Thần

• Hang Hợp Hương

• Chợ phiên Trà Lĩnh

• Cửa khẩu Quốc tế Trà Lĩnh","Cao Bằng, Trùng Khánh, Pác Bó"
251,Cao Bằng,Bảo Lạc,Cụm nhỏ,"Chinh phục đèo 14 tầng Khau Cốc Chà kịch tính, thám hiểm đại ngàn sông Gâm, khám phá văn hóa bản địa độc đáo của người Lô Lô Đen, San Chỉ và du lịch sinh thái Vườn quốc gia Phia Oắc.","• Đèo Khau Cốc Chà (Đèo 14 tầng - Bảo Lạc)

• Làng du lịch cộng đồng người Lô Lô Đen (Bản Khuổi Khon - Bảo Lạc)

• Sông Gâm (đoạn Bảo Lạc & Bảo Lâm)

• Vườn quốc gia Phia Oắc - Phia Đén (Nguyên Bình)

• Trang trại chè Kolia Phia Đén

• Chợ phiên Bảo Lạc

• Đèo Gió (Nguyên Bình)","Cao Bằng, Pác Bó, Đồng Văn / Mèo Vạc (Hà Giang), Bắc Kạn"
252,Tuyên Quang,Đồng Văn,Cụm lớn,"Thám hiểm Công viên Địa chất Toàn cầu UNESCO Cao nguyên đá, chinh phục ""Tứ đại đỉnh đèo"" Mã Pí Lèng, đi thuyền trên sông Nho Quế, check-in Hẻm Tu Sản, thăm Cột cờ Lũng Cú, Dinh vua Mèo và trải nghiệm văn hóa H'Mông, Lô Lô.","• Cột cờ Lũng Cú

• Phố cổ Đồng Văn

• Dinh Bỉnh Vương (Dinh họ Vương / Vua Mèo)

• Đèo Mã Pí Lèng

• Sông Nho Quế & Hẻm Tu Sản

• Làng Lô Lô Chải

• Làng văn hóa du lịch Pả Vi (Mèo Vạc)

• Chợ phiên Đồng Văn

• Chợ tình Khau Vai (Mèo Vạc)

• Vách đá thần Mèo Vạc

• Cung đường Chữ M Mèo Vạc

• Đỉnh Lũng Pù","Hà Giang, Bảo Lạc (Cao Bằng), Na Hang (Tuyên Quang)"
253,Tuyên Quang,Hà Giang,Cụm lớn,"Du lịch đô thị trung tâm, check-in Cột mốc số 0, chinh phục Cổng trời Quản Bạ, ngắm Núi Đôi Cô Tiên, thử thách tay lái qua Dốc Thẩm Mã, dã ngoại rừng thông và vãn cảnh đền miếu linh thiêng.","• Thành phố Hà Giang

• Cột mốc số 0 (KM0 Hà Giang)

• Cổng trời Quản Bạ

• Núi Đôi Quản Bạ (Núi Cô Tiên)

• Cây cô đơn Cán Tỷ

• Dốc Thẩm Mã

• Dốc Chín Khoanh

• Rừng thông Yên Minh

• Đền Thượng & Đền Mẫu Hà Giang

• Núi Cấm Hà Giang

• Làng du lịch cộng đồng Thôn Tha / Hạ Thành

• Chợ phiên Tráng Kìm","Đồng Văn, Hoàng Su Phì, Bắc Hà (Lào Cai), Tuyên Quang"
254,Tuyên Quang,Hoàng Su Phì,Cụm nhỏ,"Thám hiểm Di tích Quốc gia Ruộng bậc thang kỳ vĩ, trekking chinh phục đỉnh Tây Côn Lĩnh & Chiêu Lầu Thi, ngắm thác rừng nguyên sinh, check-in bãi đá cổ và trải nghiệm văn hóa dân tộc Dao, La Chí, Nùng.","• Ruộng bậc thang Hoàng Su Phì (Bản Phùng, Bản Luốc, Thông Nguyên, Nam Ty)

• Đỉnh Tây Côn Lĩnh

• Đỉnh Chiêu Lầu Thi

• Thác Tiên - Đèo Gió (Xín Mần)

• Bãi đá cổ Nấm Dẩn (Xín Mần)

• Thảo nguyên Bùi Xùi

• Cửa khẩu Xín Mần

• Chợ phiên Hoàng Su Phì / Cóc Pài

• Khu sinh thái Pan Hou Resort","Hà Giang, Bắc Hà (Lào Cai), Bảo Yên (Lào Cai), Tuyên Quang"
255,Tuyên Quang,Tuyên Quang,Cụm lớn,"Du lịch đô thị trung tâm bên sông Lô, trẩy hội Lễ hội Thành Tuyên quy mô, tắm khoáng nóng Mỹ Lâm phục hồi sức khỏe, viếng cụm đền miếu di sản và thưởng thức đặc sản xứ Tuyên.","• Thành phố Tuyên Quang

• Quảng trường Nguyễn Tất Thành

• Khu du lịch Suối khoáng nóng Mỹ Lâm

• Thành cổ Tuyên Quang

• Chùa An Vinh

• Quần thể Đền Hạ, Đền Trung, Đền Thượng

• Đền Cảnh Xanh & Đền Cây Xanh

• Sông Lô (đoạn TP. Tuyên Quang)

• Chợ Tuyên Quang","Tân Trào, Na Hang, Thái Nguyên, Phú Thọ, Yên Bái"
256,Tuyên Quang,Tân Trào,Cụm nhỏ,"Hành hương Di tích Quốc gia Đặc biệt ""Thủ đô Khu giải phóng"", thăm các lán ở và đình làng lịch sử, dã ngoại rừng chiến khu và khám phá văn hóa bản làng dân tộc Tày, Cao Lan.","• Khu di tích Quốc gia Đặc biệt Tân Trào (Cây đa Tân Trào, Lán Nà Nưa, Đình Tân Trào, Đình Hồng Thái, Hang Bòng)

• Khu di tích Bộ Nội vụ / Ban Tuyên huấn

• Hang Căng (Sơn Dương)

• Núi Hồng

• Suối Thía

• Làng văn hóa du lịch Tân Lập

• Chùa Kim Lâm","Tuyên Quang, ATK Định Hóa (Thái Nguyên), Chợ Đồn (Bắc Kạn)"
257,Tuyên Quang,Na Hang,Cụm lớn,"Du ngoạn Danh thắng Quốc gia Đặc biệt lòng hồ sinh thái Na Hang - Lâm Bình, ngắm biểu tượng Cọc Vài Cạ, tắm thác Khuổi Nhi (massage cá tự nhiên), thám hiểm hang động karst và du lịch cộng đồng.","• Khu bảo tồn thiên nhiên Na Hang - Lâm Bình

• Hồ Na Hang (Lòng hồ Thủy điện Tuyên Quang)

• Danh thắng Cọc Vài Cạ (Vài Phạ)

• Thác Mơ (Thác Pắc Ban)

• Thác Khuổi Nhi

• Thác Khuổi Súng

• Chùa Phúc Lâm (Lâm Bình)

• Đền Pắc Táp

• Làng du lịch cộng đồng Thượng Lâm / Nà Tông

• Hang Phia Vài","Tuyên Quang, Đồng Văn (Hà Giang), Ba Bể (Bắc Kạn), Cao Bằng"